"LOCATION","INDICATOR","SUBJECT","MEASURE","FREQUENCY","TIME","Value","Flag Codes"
"AUS","TAXREV","TOT","PC_GDP","A","1965",20.634,
"AUS","TAXREV","TOT","PC_GDP","A","1966",19.855,
"AUS","TAXREV","TOT","PC_GDP","A","1967",20.434,
"AUS","TAXREV","TOT","PC_GDP","A","1968",20.366,
"AUS","TAXREV","TOT","PC_GDP","A","1969",20.708,
"AUS","TAXREV","TOT","PC_GDP","A","1970",21.099,
"AUS","TAXREV","TOT","PC_GDP","A","1971",21.851,
"AUS","TAXREV","TOT","PC_GDP","A","1972",21.408,
"AUS","TAXREV","TOT","PC_GDP","A","1973",22.498,
"AUS","TAXREV","TOT","PC_GDP","A","1974",24.637,
"AUS","TAXREV","TOT","PC_GDP","A","1975",25.374,
"AUS","TAXREV","TOT","PC_GDP","A","1976",25.554,
"AUS","TAXREV","TOT","PC_GDP","A","1977",25.421,
"AUS","TAXREV","TOT","PC_GDP","A","1978",24.529,
"AUS","TAXREV","TOT","PC_GDP","A","1979",25.15,
"AUS","TAXREV","TOT","PC_GDP","A","1980",26.211,
"AUS","TAXREV","TOT","PC_GDP","A","1981",26.383,
"AUS","TAXREV","TOT","PC_GDP","A","1982",26.857,
"AUS","TAXREV","TOT","PC_GDP","A","1983",26.109,
"AUS","TAXREV","TOT","PC_GDP","A","1984",27.707,
"AUS","TAXREV","TOT","PC_GDP","A","1985",27.759,
"AUS","TAXREV","TOT","PC_GDP","A","1986",28.536,
"AUS","TAXREV","TOT","PC_GDP","A","1987",28.642,
"AUS","TAXREV","TOT","PC_GDP","A","1988",28.297,
"AUS","TAXREV","TOT","PC_GDP","A","1989",28.014,
"AUS","TAXREV","TOT","PC_GDP","A","1990",28.108,
"AUS","TAXREV","TOT","PC_GDP","A","1991",26.667,
"AUS","TAXREV","TOT","PC_GDP","A","1992",26.134,
"AUS","TAXREV","TOT","PC_GDP","A","1993",26.604,
"AUS","TAXREV","TOT","PC_GDP","A","1994",27.507,
"AUS","TAXREV","TOT","PC_GDP","A","1995",28.285,
"AUS","TAXREV","TOT","PC_GDP","A","1996",28.924,
"AUS","TAXREV","TOT","PC_GDP","A","1997",28.666,
"AUS","TAXREV","TOT","PC_GDP","A","1998",29.432,
"AUS","TAXREV","TOT","PC_GDP","A","1999",29.805,
"AUS","TAXREV","TOT","PC_GDP","A","2000",30.458,
"AUS","TAXREV","TOT","PC_GDP","A","2001",28.927,
"AUS","TAXREV","TOT","PC_GDP","A","2002",29.8,
"AUS","TAXREV","TOT","PC_GDP","A","2003",29.963,
"AUS","TAXREV","TOT","PC_GDP","A","2004",30.271,
"AUS","TAXREV","TOT","PC_GDP","A","2005",29.975,
"AUS","TAXREV","TOT","PC_GDP","A","2006",29.39,
"AUS","TAXREV","TOT","PC_GDP","A","2007",29.52,
"AUS","TAXREV","TOT","PC_GDP","A","2008",26.827,
"AUS","TAXREV","TOT","PC_GDP","A","2009",25.532,
"AUS","TAXREV","TOT","PC_GDP","A","2010",25.268,
"AUS","TAXREV","TOT","PC_GDP","A","2011",25.888,
"AUS","TAXREV","TOT","PC_GDP","A","2012",26.909,
"AUS","TAXREV","TOT","PC_GDP","A","2013",27.109,
"AUS","TAXREV","TOT","PC_GDP","A","2014",27.271,
"AUS","TAXREV","TOT","PC_GDP","A","2015",27.901,
"AUS","TAXREV","TOT","PC_GDP","A","2016",27.618,
"AUS","TAXREV","TOT","PC_GDP","A","2017",28.498,
"AUS","TAXREV","TOT","PC_GDP","A","2018",28.679,
"AUT","TAXREV","TOT","PC_GDP","A","1965",33.509,
"AUT","TAXREV","TOT","PC_GDP","A","1966",34.201,
"AUT","TAXREV","TOT","PC_GDP","A","1967",34.101,
"AUT","TAXREV","TOT","PC_GDP","A","1968",34.149,
"AUT","TAXREV","TOT","PC_GDP","A","1969",34.6,
"AUT","TAXREV","TOT","PC_GDP","A","1970",33.586,
"AUT","TAXREV","TOT","PC_GDP","A","1971",34.26,
"AUT","TAXREV","TOT","PC_GDP","A","1972",34.678,
"AUT","TAXREV","TOT","PC_GDP","A","1973",34.849,
"AUT","TAXREV","TOT","PC_GDP","A","1974",35.825,
"AUT","TAXREV","TOT","PC_GDP","A","1975",36.335,
"AUT","TAXREV","TOT","PC_GDP","A","1976",36.205,
"AUT","TAXREV","TOT","PC_GDP","A","1977",36.549,
"AUT","TAXREV","TOT","PC_GDP","A","1978",38.69,
"AUT","TAXREV","TOT","PC_GDP","A","1979",38.095,
"AUT","TAXREV","TOT","PC_GDP","A","1980",38.573,
"AUT","TAXREV","TOT","PC_GDP","A","1981",39.647,
"AUT","TAXREV","TOT","PC_GDP","A","1982",38.423,
"AUT","TAXREV","TOT","PC_GDP","A","1983",38.114,
"AUT","TAXREV","TOT","PC_GDP","A","1984",39.774,
"AUT","TAXREV","TOT","PC_GDP","A","1985",40.436,
"AUT","TAXREV","TOT","PC_GDP","A","1986",40.34,
"AUT","TAXREV","TOT","PC_GDP","A","1987",39.959,
"AUT","TAXREV","TOT","PC_GDP","A","1988",39.96,
"AUT","TAXREV","TOT","PC_GDP","A","1989",38.945,
"AUT","TAXREV","TOT","PC_GDP","A","1990",39.288,
"AUT","TAXREV","TOT","PC_GDP","A","1991",39.748,
"AUT","TAXREV","TOT","PC_GDP","A","1992",41.282,
"AUT","TAXREV","TOT","PC_GDP","A","1993",41.688,
"AUT","TAXREV","TOT","PC_GDP","A","1994",41.701,
"AUT","TAXREV","TOT","PC_GDP","A","1995",41.271,
"AUT","TAXREV","TOT","PC_GDP","A","1996",42.641,
"AUT","TAXREV","TOT","PC_GDP","A","1997",43.44,
"AUT","TAXREV","TOT","PC_GDP","A","1998",43.447,
"AUT","TAXREV","TOT","PC_GDP","A","1999",43.09,
"AUT","TAXREV","TOT","PC_GDP","A","2000",42.285,
"AUT","TAXREV","TOT","PC_GDP","A","2001",43.886,
"AUT","TAXREV","TOT","PC_GDP","A","2002",42.697,
"AUT","TAXREV","TOT","PC_GDP","A","2003",42.409,
"AUT","TAXREV","TOT","PC_GDP","A","2004",41.958,
"AUT","TAXREV","TOT","PC_GDP","A","2005",41.012,
"AUT","TAXREV","TOT","PC_GDP","A","2006",40.408,
"AUT","TAXREV","TOT","PC_GDP","A","2007",40.548,
"AUT","TAXREV","TOT","PC_GDP","A","2008",41.391,
"AUT","TAXREV","TOT","PC_GDP","A","2009",40.98,
"AUT","TAXREV","TOT","PC_GDP","A","2010",40.958,
"AUT","TAXREV","TOT","PC_GDP","A","2011",41.119,
"AUT","TAXREV","TOT","PC_GDP","A","2012",41.767,
"AUT","TAXREV","TOT","PC_GDP","A","2013",42.635,
"AUT","TAXREV","TOT","PC_GDP","A","2014",42.699,
"AUT","TAXREV","TOT","PC_GDP","A","2015",43.126,
"AUT","TAXREV","TOT","PC_GDP","A","2016",41.789,
"AUT","TAXREV","TOT","PC_GDP","A","2017",41.757,
"AUT","TAXREV","TOT","PC_GDP","A","2018",42.212,
"AUT","TAXREV","TOT","PC_GDP","A","2019",42.444,
"BEL","TAXREV","TOT","PC_GDP","A","1965",30.789,
"BEL","TAXREV","TOT","PC_GDP","A","1966",32.899,
"BEL","TAXREV","TOT","PC_GDP","A","1967",33.561,
"BEL","TAXREV","TOT","PC_GDP","A","1968",34.381,
"BEL","TAXREV","TOT","PC_GDP","A","1969",34.558,
"BEL","TAXREV","TOT","PC_GDP","A","1970",33.425,
"BEL","TAXREV","TOT","PC_GDP","A","1971",34.559,
"BEL","TAXREV","TOT","PC_GDP","A","1972",34.407,
"BEL","TAXREV","TOT","PC_GDP","A","1973",35.52,
"BEL","TAXREV","TOT","PC_GDP","A","1974",36.406,
"BEL","TAXREV","TOT","PC_GDP","A","1975",38.942,
"BEL","TAXREV","TOT","PC_GDP","A","1976",39.142,
"BEL","TAXREV","TOT","PC_GDP","A","1977",41.064,
"BEL","TAXREV","TOT","PC_GDP","A","1978",41.642,
"BEL","TAXREV","TOT","PC_GDP","A","1979",42.397,
"BEL","TAXREV","TOT","PC_GDP","A","1980",40.726,
"BEL","TAXREV","TOT","PC_GDP","A","1981",40.99,
"BEL","TAXREV","TOT","PC_GDP","A","1982",42.209,
"BEL","TAXREV","TOT","PC_GDP","A","1983",42.91,
"BEL","TAXREV","TOT","PC_GDP","A","1984",43.627,
"BEL","TAXREV","TOT","PC_GDP","A","1985",43.714,
"BEL","TAXREV","TOT","PC_GDP","A","1986",43.461,
"BEL","TAXREV","TOT","PC_GDP","A","1987",44.093,
"BEL","TAXREV","TOT","PC_GDP","A","1988",42.775,
"BEL","TAXREV","TOT","PC_GDP","A","1989",40.957,
"BEL","TAXREV","TOT","PC_GDP","A","1990",41.393,
"BEL","TAXREV","TOT","PC_GDP","A","1991",41.608,
"BEL","TAXREV","TOT","PC_GDP","A","1992",41.18,
"BEL","TAXREV","TOT","PC_GDP","A","1993",42.632,
"BEL","TAXREV","TOT","PC_GDP","A","1994",42.913,
"BEL","TAXREV","TOT","PC_GDP","A","1995",42.837,
"BEL","TAXREV","TOT","PC_GDP","A","1996",43.351,
"BEL","TAXREV","TOT","PC_GDP","A","1997",43.812,
"BEL","TAXREV","TOT","PC_GDP","A","1998",44.437,
"BEL","TAXREV","TOT","PC_GDP","A","1999",44.239,
"BEL","TAXREV","TOT","PC_GDP","A","2000",43.849,
"BEL","TAXREV","TOT","PC_GDP","A","2001",43.692,
"BEL","TAXREV","TOT","PC_GDP","A","2002",43.913,
"BEL","TAXREV","TOT","PC_GDP","A","2003",43.344,
"BEL","TAXREV","TOT","PC_GDP","A","2004",43.471,
"BEL","TAXREV","TOT","PC_GDP","A","2005",43.357,
"BEL","TAXREV","TOT","PC_GDP","A","2006",43.218,
"BEL","TAXREV","TOT","PC_GDP","A","2007",42.92,
"BEL","TAXREV","TOT","PC_GDP","A","2008",43.593,
"BEL","TAXREV","TOT","PC_GDP","A","2009",42.699,
"BEL","TAXREV","TOT","PC_GDP","A","2010",42.882,
"BEL","TAXREV","TOT","PC_GDP","A","2011",43.508,
"BEL","TAXREV","TOT","PC_GDP","A","2012",44.331,
"BEL","TAXREV","TOT","PC_GDP","A","2013",45.036,
"BEL","TAXREV","TOT","PC_GDP","A","2014",44.756,
"BEL","TAXREV","TOT","PC_GDP","A","2015",44.128,
"BEL","TAXREV","TOT","PC_GDP","A","2016",43.322,
"BEL","TAXREV","TOT","PC_GDP","A","2017",43.795,
"BEL","TAXREV","TOT","PC_GDP","A","2018",43.948,
"BEL","TAXREV","TOT","PC_GDP","A","2019",42.916,
"CAN","TAXREV","TOT","PC_GDP","A","1965",24.976,
"CAN","TAXREV","TOT","PC_GDP","A","1966",25.988,
"CAN","TAXREV","TOT","PC_GDP","A","1967",26.97,
"CAN","TAXREV","TOT","PC_GDP","A","1968",27.753,
"CAN","TAXREV","TOT","PC_GDP","A","1969",29.865,
"CAN","TAXREV","TOT","PC_GDP","A","1970",29.881,
"CAN","TAXREV","TOT","PC_GDP","A","1971",29.417,
"CAN","TAXREV","TOT","PC_GDP","A","1972",29.934,
"CAN","TAXREV","TOT","PC_GDP","A","1973",29.53,
"CAN","TAXREV","TOT","PC_GDP","A","1974",32.036,
"CAN","TAXREV","TOT","PC_GDP","A","1975",31.136,
"CAN","TAXREV","TOT","PC_GDP","A","1976",30.576,
"CAN","TAXREV","TOT","PC_GDP","A","1977",29.825,
"CAN","TAXREV","TOT","PC_GDP","A","1978",29.555,
"CAN","TAXREV","TOT","PC_GDP","A","1979",29.341,
"CAN","TAXREV","TOT","PC_GDP","A","1980",30.322,
"CAN","TAXREV","TOT","PC_GDP","A","1981",32.511,
"CAN","TAXREV","TOT","PC_GDP","A","1982",32.323,
"CAN","TAXREV","TOT","PC_GDP","A","1983",31.761,
"CAN","TAXREV","TOT","PC_GDP","A","1984",31.709,
"CAN","TAXREV","TOT","PC_GDP","A","1985",31.613,
"CAN","TAXREV","TOT","PC_GDP","A","1986",32.352,
"CAN","TAXREV","TOT","PC_GDP","A","1987",33.313,
"CAN","TAXREV","TOT","PC_GDP","A","1988",33.032,
"CAN","TAXREV","TOT","PC_GDP","A","1989",34.126,
"CAN","TAXREV","TOT","PC_GDP","A","1990",35.072,
"CAN","TAXREV","TOT","PC_GDP","A","1991",35.503,
"CAN","TAXREV","TOT","PC_GDP","A","1992",35.067,
"CAN","TAXREV","TOT","PC_GDP","A","1993",34.444,
"CAN","TAXREV","TOT","PC_GDP","A","1994",34.403,
"CAN","TAXREV","TOT","PC_GDP","A","1995",34.628,
"CAN","TAXREV","TOT","PC_GDP","A","1996",34.941,
"CAN","TAXREV","TOT","PC_GDP","A","1997",35.791,
"CAN","TAXREV","TOT","PC_GDP","A","1998",35.711,
"CAN","TAXREV","TOT","PC_GDP","A","1999",35.487,
"CAN","TAXREV","TOT","PC_GDP","A","2000",34.673,
"CAN","TAXREV","TOT","PC_GDP","A","2001",34.085,
"CAN","TAXREV","TOT","PC_GDP","A","2002",33.081,
"CAN","TAXREV","TOT","PC_GDP","A","2003",32.7,
"CAN","TAXREV","TOT","PC_GDP","A","2004",32.713,
"CAN","TAXREV","TOT","PC_GDP","A","2005",32.661,
"CAN","TAXREV","TOT","PC_GDP","A","2006",32.725,
"CAN","TAXREV","TOT","PC_GDP","A","2007",32.495,
"CAN","TAXREV","TOT","PC_GDP","A","2008",31.235,
"CAN","TAXREV","TOT","PC_GDP","A","2009",32.346,
"CAN","TAXREV","TOT","PC_GDP","A","2010",31.007,
"CAN","TAXREV","TOT","PC_GDP","A","2011",30.803,
"CAN","TAXREV","TOT","PC_GDP","A","2012",31.177,
"CAN","TAXREV","TOT","PC_GDP","A","2013",31.132,
"CAN","TAXREV","TOT","PC_GDP","A","2014",31.266,
"CAN","TAXREV","TOT","PC_GDP","A","2015",32.82,
"CAN","TAXREV","TOT","PC_GDP","A","2016",33.258,
"CAN","TAXREV","TOT","PC_GDP","A","2017",33.114,
"CAN","TAXREV","TOT","PC_GDP","A","2018",33.219,
"CAN","TAXREV","TOT","PC_GDP","A","2019",33.455,
"CZE","TAXREV","TOT","PC_GDP","A","1993",36.732,
"CZE","TAXREV","TOT","PC_GDP","A","1994",35.479,
"CZE","TAXREV","TOT","PC_GDP","A","1995",34.497,
"CZE","TAXREV","TOT","PC_GDP","A","1996",33.108,
"CZE","TAXREV","TOT","PC_GDP","A","1997",33.396,
"CZE","TAXREV","TOT","PC_GDP","A","1998",32.298,
"CZE","TAXREV","TOT","PC_GDP","A","1999",33.122,
"CZE","TAXREV","TOT","PC_GDP","A","2000",32.335,
"CZE","TAXREV","TOT","PC_GDP","A","2001",32.405,
"CZE","TAXREV","TOT","PC_GDP","A","2002",33.275,
"CZE","TAXREV","TOT","PC_GDP","A","2003",34.099,
"CZE","TAXREV","TOT","PC_GDP","A","2004",34.495,
"CZE","TAXREV","TOT","PC_GDP","A","2005",34.234,
"CZE","TAXREV","TOT","PC_GDP","A","2006",33.842,
"CZE","TAXREV","TOT","PC_GDP","A","2007",34.102,
"CZE","TAXREV","TOT","PC_GDP","A","2008",33.298,
"CZE","TAXREV","TOT","PC_GDP","A","2009",32.088,
"CZE","TAXREV","TOT","PC_GDP","A","2010",32.229,
"CZE","TAXREV","TOT","PC_GDP","A","2011",33.025,
"CZE","TAXREV","TOT","PC_GDP","A","2012",33.438,
"CZE","TAXREV","TOT","PC_GDP","A","2013",33.71,
"CZE","TAXREV","TOT","PC_GDP","A","2014",32.851,
"CZE","TAXREV","TOT","PC_GDP","A","2015",33.134,
"CZE","TAXREV","TOT","PC_GDP","A","2016",34.031,
"CZE","TAXREV","TOT","PC_GDP","A","2017",34.438,
"CZE","TAXREV","TOT","PC_GDP","A","2018",34.988,
"CZE","TAXREV","TOT","PC_GDP","A","2019",34.927,
"DNK","TAXREV","TOT","PC_GDP","A","1965",29.125,
"DNK","TAXREV","TOT","PC_GDP","A","1966",29.673,
"DNK","TAXREV","TOT","PC_GDP","A","1967",30.156,
"DNK","TAXREV","TOT","PC_GDP","A","1968",32.897,
"DNK","TAXREV","TOT","PC_GDP","A","1969",32.506,
"DNK","TAXREV","TOT","PC_GDP","A","1970",36.866,
"DNK","TAXREV","TOT","PC_GDP","A","1971",39.443,
"DNK","TAXREV","TOT","PC_GDP","A","1972",39.057,
"DNK","TAXREV","TOT","PC_GDP","A","1973",38.517,
"DNK","TAXREV","TOT","PC_GDP","A","1974",40.364,
"DNK","TAXREV","TOT","PC_GDP","A","1975",36.785,
"DNK","TAXREV","TOT","PC_GDP","A","1976",37.774,
"DNK","TAXREV","TOT","PC_GDP","A","1977",38.223,
"DNK","TAXREV","TOT","PC_GDP","A","1978",39.399,
"DNK","TAXREV","TOT","PC_GDP","A","1979",40.446,
"DNK","TAXREV","TOT","PC_GDP","A","1980",41.157,
"DNK","TAXREV","TOT","PC_GDP","A","1981",40.697,
"DNK","TAXREV","TOT","PC_GDP","A","1982",39.524,
"DNK","TAXREV","TOT","PC_GDP","A","1983",41.158,
"DNK","TAXREV","TOT","PC_GDP","A","1984",42.295,
"DNK","TAXREV","TOT","PC_GDP","A","1985",43.586,
"DNK","TAXREV","TOT","PC_GDP","A","1986",45.807,
"DNK","TAXREV","TOT","PC_GDP","A","1987",46.451,
"DNK","TAXREV","TOT","PC_GDP","A","1988",46.925,
"DNK","TAXREV","TOT","PC_GDP","A","1989",45.745,
"DNK","TAXREV","TOT","PC_GDP","A","1990",44.397,
"DNK","TAXREV","TOT","PC_GDP","A","1991",43.777,
"DNK","TAXREV","TOT","PC_GDP","A","1992",44.136,
"DNK","TAXREV","TOT","PC_GDP","A","1993",45.462,
"DNK","TAXREV","TOT","PC_GDP","A","1994",46.529,
"DNK","TAXREV","TOT","PC_GDP","A","1995",46.499,
"DNK","TAXREV","TOT","PC_GDP","A","1996",46.713,
"DNK","TAXREV","TOT","PC_GDP","A","1997",46.727,
"DNK","TAXREV","TOT","PC_GDP","A","1998",47.298,
"DNK","TAXREV","TOT","PC_GDP","A","1999",47.875,
"DNK","TAXREV","TOT","PC_GDP","A","2000",46.875,
"DNK","TAXREV","TOT","PC_GDP","A","2001",45.919,
"DNK","TAXREV","TOT","PC_GDP","A","2002",45.405,
"DNK","TAXREV","TOT","PC_GDP","A","2003",45.583,
"DNK","TAXREV","TOT","PC_GDP","A","2004",46.393,
"DNK","TAXREV","TOT","PC_GDP","A","2005",48.005,
"DNK","TAXREV","TOT","PC_GDP","A","2006",46.462,
"DNK","TAXREV","TOT","PC_GDP","A","2007",46.425,
"DNK","TAXREV","TOT","PC_GDP","A","2008",44.765,
"DNK","TAXREV","TOT","PC_GDP","A","2009",44.963,
"DNK","TAXREV","TOT","PC_GDP","A","2010",44.756,
"DNK","TAXREV","TOT","PC_GDP","A","2011",44.793,
"DNK","TAXREV","TOT","PC_GDP","A","2012",45.512,
"DNK","TAXREV","TOT","PC_GDP","A","2013",45.888,
"DNK","TAXREV","TOT","PC_GDP","A","2014",48.531,
"DNK","TAXREV","TOT","PC_GDP","A","2015",46.057,
"DNK","TAXREV","TOT","PC_GDP","A","2016",45.494,
"DNK","TAXREV","TOT","PC_GDP","A","2017",45.849,
"DNK","TAXREV","TOT","PC_GDP","A","2018",44.354,
"DNK","TAXREV","TOT","PC_GDP","A","2019",46.337,
"FIN","TAXREV","TOT","PC_GDP","A","1965",30.039,
"FIN","TAXREV","TOT","PC_GDP","A","1966",31.182,
"FIN","TAXREV","TOT","PC_GDP","A","1967",32.046,
"FIN","TAXREV","TOT","PC_GDP","A","1968",32.446,
"FIN","TAXREV","TOT","PC_GDP","A","1969",31.011,
"FIN","TAXREV","TOT","PC_GDP","A","1970",31.183,
"FIN","TAXREV","TOT","PC_GDP","A","1971",32.776,
"FIN","TAXREV","TOT","PC_GDP","A","1972",33.248,
"FIN","TAXREV","TOT","PC_GDP","A","1973",34.061,
"FIN","TAXREV","TOT","PC_GDP","A","1974",33.326,
"FIN","TAXREV","TOT","PC_GDP","A","1975",36.139,
"FIN","TAXREV","TOT","PC_GDP","A","1976",39.628,
"FIN","TAXREV","TOT","PC_GDP","A","1977",39.831,
"FIN","TAXREV","TOT","PC_GDP","A","1978",36.505,
"FIN","TAXREV","TOT","PC_GDP","A","1979",35.13,
"FIN","TAXREV","TOT","PC_GDP","A","1980",35.341,
"FIN","TAXREV","TOT","PC_GDP","A","1981",37.294,
"FIN","TAXREV","TOT","PC_GDP","A","1982",36.444,
"FIN","TAXREV","TOT","PC_GDP","A","1983",36.094,
"FIN","TAXREV","TOT","PC_GDP","A","1984",37.579,
"FIN","TAXREV","TOT","PC_GDP","A","1985",39.167,
"FIN","TAXREV","TOT","PC_GDP","A","1986",40.29,
"FIN","TAXREV","TOT","PC_GDP","A","1987",38.767,
"FIN","TAXREV","TOT","PC_GDP","A","1988",41.968,
"FIN","TAXREV","TOT","PC_GDP","A","1989",41.558,
"FIN","TAXREV","TOT","PC_GDP","A","1990",42.934,
"FIN","TAXREV","TOT","PC_GDP","A","1991",44.48,
"FIN","TAXREV","TOT","PC_GDP","A","1992",44,
"FIN","TAXREV","TOT","PC_GDP","A","1993",43.497,
"FIN","TAXREV","TOT","PC_GDP","A","1994",45.518,
"FIN","TAXREV","TOT","PC_GDP","A","1995",44.5,
"FIN","TAXREV","TOT","PC_GDP","A","1996",45.69,
"FIN","TAXREV","TOT","PC_GDP","A","1997",44.938,
"FIN","TAXREV","TOT","PC_GDP","A","1998",44.792,
"FIN","TAXREV","TOT","PC_GDP","A","1999",44.262,
"FIN","TAXREV","TOT","PC_GDP","A","2000",45.759,
"FIN","TAXREV","TOT","PC_GDP","A","2001",43.115,
"FIN","TAXREV","TOT","PC_GDP","A","2002",43.275,
"FIN","TAXREV","TOT","PC_GDP","A","2003",42.338,
"FIN","TAXREV","TOT","PC_GDP","A","2004",41.748,
"FIN","TAXREV","TOT","PC_GDP","A","2005",42.037,
"FIN","TAXREV","TOT","PC_GDP","A","2006",42.085,
"FIN","TAXREV","TOT","PC_GDP","A","2007",41.4,
"FIN","TAXREV","TOT","PC_GDP","A","2008",41.09,
"FIN","TAXREV","TOT","PC_GDP","A","2009",40.773,
"FIN","TAXREV","TOT","PC_GDP","A","2010",40.562,
"FIN","TAXREV","TOT","PC_GDP","A","2011",41.794,
"FIN","TAXREV","TOT","PC_GDP","A","2012",42.415,
"FIN","TAXREV","TOT","PC_GDP","A","2013",43.406,
"FIN","TAXREV","TOT","PC_GDP","A","2014",43.513,
"FIN","TAXREV","TOT","PC_GDP","A","2015",43.524,
"FIN","TAXREV","TOT","PC_GDP","A","2016",43.727,
"FIN","TAXREV","TOT","PC_GDP","A","2017",42.926,
"FIN","TAXREV","TOT","PC_GDP","A","2018",42.379,
"FIN","TAXREV","TOT","PC_GDP","A","2019",42.189,
"FRA","TAXREV","TOT","PC_GDP","A","1965",33.729,
"FRA","TAXREV","TOT","PC_GDP","A","1966",33.493,
"FRA","TAXREV","TOT","PC_GDP","A","1967",33.828,
"FRA","TAXREV","TOT","PC_GDP","A","1968",33.929,
"FRA","TAXREV","TOT","PC_GDP","A","1969",34.543,
"FRA","TAXREV","TOT","PC_GDP","A","1970",33.749,
"FRA","TAXREV","TOT","PC_GDP","A","1971",33.178,
"FRA","TAXREV","TOT","PC_GDP","A","1972",33.607,
"FRA","TAXREV","TOT","PC_GDP","A","1973",33.583,
"FRA","TAXREV","TOT","PC_GDP","A","1974",33.678,
"FRA","TAXREV","TOT","PC_GDP","A","1975",35.009,
"FRA","TAXREV","TOT","PC_GDP","A","1976",36.838,
"FRA","TAXREV","TOT","PC_GDP","A","1977",36.841,
"FRA","TAXREV","TOT","PC_GDP","A","1978",36.798,
"FRA","TAXREV","TOT","PC_GDP","A","1979",38.209,
"FRA","TAXREV","TOT","PC_GDP","A","1980",39.528,
"FRA","TAXREV","TOT","PC_GDP","A","1981",39.633,
"FRA","TAXREV","TOT","PC_GDP","A","1982",40.4,
"FRA","TAXREV","TOT","PC_GDP","A","1983",40.894,
"FRA","TAXREV","TOT","PC_GDP","A","1984",41.921,
"FRA","TAXREV","TOT","PC_GDP","A","1985",42.042,
"FRA","TAXREV","TOT","PC_GDP","A","1986",41.711,
"FRA","TAXREV","TOT","PC_GDP","A","1987",42.254,
"FRA","TAXREV","TOT","PC_GDP","A","1988",41.43,
"FRA","TAXREV","TOT","PC_GDP","A","1989",41.157,
"FRA","TAXREV","TOT","PC_GDP","A","1990",41.173,
"FRA","TAXREV","TOT","PC_GDP","A","1991",41.552,
"FRA","TAXREV","TOT","PC_GDP","A","1992",41.575,
"FRA","TAXREV","TOT","PC_GDP","A","1993",42.744,
"FRA","TAXREV","TOT","PC_GDP","A","1994",42.82,
"FRA","TAXREV","TOT","PC_GDP","A","1995",42.452,
"FRA","TAXREV","TOT","PC_GDP","A","1996",43.559,
"FRA","TAXREV","TOT","PC_GDP","A","1997",43.776,
"FRA","TAXREV","TOT","PC_GDP","A","1998",43.537,
"FRA","TAXREV","TOT","PC_GDP","A","1999",44.248,
"FRA","TAXREV","TOT","PC_GDP","A","2000",43.43,
"FRA","TAXREV","TOT","PC_GDP","A","2001",43.101,
"FRA","TAXREV","TOT","PC_GDP","A","2002",42.404,
"FRA","TAXREV","TOT","PC_GDP","A","2003",42.239,
"FRA","TAXREV","TOT","PC_GDP","A","2004",42.413,
"FRA","TAXREV","TOT","PC_GDP","A","2005",42.904,
"FRA","TAXREV","TOT","PC_GDP","A","2006",43.273,
"FRA","TAXREV","TOT","PC_GDP","A","2007",42.545,
"FRA","TAXREV","TOT","PC_GDP","A","2008",42.332,
"FRA","TAXREV","TOT","PC_GDP","A","2009",41.528,
"FRA","TAXREV","TOT","PC_GDP","A","2010",42.145,
"FRA","TAXREV","TOT","PC_GDP","A","2011",43.334,
"FRA","TAXREV","TOT","PC_GDP","A","2012",44.36,
"FRA","TAXREV","TOT","PC_GDP","A","2013",45.367,
"FRA","TAXREV","TOT","PC_GDP","A","2014",45.449,
"FRA","TAXREV","TOT","PC_GDP","A","2015",45.281,
"FRA","TAXREV","TOT","PC_GDP","A","2016",45.374,
"FRA","TAXREV","TOT","PC_GDP","A","2017",46.068,
"FRA","TAXREV","TOT","PC_GDP","A","2018",45.926,
"FRA","TAXREV","TOT","PC_GDP","A","2019",45.401,
"DEU","TAXREV","TOT","PC_GDP","A","1965",31.673,
"DEU","TAXREV","TOT","PC_GDP","A","1966",32.259,
"DEU","TAXREV","TOT","PC_GDP","A","1967",32.281,
"DEU","TAXREV","TOT","PC_GDP","A","1968",32.233,
"DEU","TAXREV","TOT","PC_GDP","A","1969",33.935,
"DEU","TAXREV","TOT","PC_GDP","A","1970",31.576,
"DEU","TAXREV","TOT","PC_GDP","A","1971",32.07,
"DEU","TAXREV","TOT","PC_GDP","A","1972",33.561,
"DEU","TAXREV","TOT","PC_GDP","A","1973",35.04,
"DEU","TAXREV","TOT","PC_GDP","A","1974",34.896,
"DEU","TAXREV","TOT","PC_GDP","A","1975",34.331,
"DEU","TAXREV","TOT","PC_GDP","A","1976",35.303,
"DEU","TAXREV","TOT","PC_GDP","A","1977",36.675,
"DEU","TAXREV","TOT","PC_GDP","A","1978",36.679,
"DEU","TAXREV","TOT","PC_GDP","A","1979",36.394,
"DEU","TAXREV","TOT","PC_GDP","A","1980",36.445,
"DEU","TAXREV","TOT","PC_GDP","A","1981",35.871,
"DEU","TAXREV","TOT","PC_GDP","A","1982",35.554,
"DEU","TAXREV","TOT","PC_GDP","A","1983",35.577,
"DEU","TAXREV","TOT","PC_GDP","A","1984",35.725,
"DEU","TAXREV","TOT","PC_GDP","A","1985",36.095,
"DEU","TAXREV","TOT","PC_GDP","A","1986",35.835,
"DEU","TAXREV","TOT","PC_GDP","A","1987",36.296,
"DEU","TAXREV","TOT","PC_GDP","A","1988",35.956,
"DEU","TAXREV","TOT","PC_GDP","A","1989",36.233,
"DEU","TAXREV","TOT","PC_GDP","A","1990",34.803,
"DEU","TAXREV","TOT","PC_GDP","A","1991",34.874,
"DEU","TAXREV","TOT","PC_GDP","A","1992",35.758,
"DEU","TAXREV","TOT","PC_GDP","A","1993",35.781,
"DEU","TAXREV","TOT","PC_GDP","A","1994",36.186,
"DEU","TAXREV","TOT","PC_GDP","A","1995",36.312,
"DEU","TAXREV","TOT","PC_GDP","A","1996",35.666,
"DEU","TAXREV","TOT","PC_GDP","A","1997",35.35,
"DEU","TAXREV","TOT","PC_GDP","A","1998",35.539,
"DEU","TAXREV","TOT","PC_GDP","A","1999",36.253,
"DEU","TAXREV","TOT","PC_GDP","A","2000",36.369,
"DEU","TAXREV","TOT","PC_GDP","A","2001",35.127,
"DEU","TAXREV","TOT","PC_GDP","A","2002",34.559,
"DEU","TAXREV","TOT","PC_GDP","A","2003",34.745,
"DEU","TAXREV","TOT","PC_GDP","A","2004",34.329,
"DEU","TAXREV","TOT","PC_GDP","A","2005",34.419,
"DEU","TAXREV","TOT","PC_GDP","A","2006",34.938,
"DEU","TAXREV","TOT","PC_GDP","A","2007",35.375,
"DEU","TAXREV","TOT","PC_GDP","A","2008",35.844,
"DEU","TAXREV","TOT","PC_GDP","A","2009",36.682,
"DEU","TAXREV","TOT","PC_GDP","A","2010",35.531,
"DEU","TAXREV","TOT","PC_GDP","A","2011",36.085,
"DEU","TAXREV","TOT","PC_GDP","A","2012",36.816,
"DEU","TAXREV","TOT","PC_GDP","A","2013",36.954,
"DEU","TAXREV","TOT","PC_GDP","A","2014",36.812,
"DEU","TAXREV","TOT","PC_GDP","A","2015",37.263,
"DEU","TAXREV","TOT","PC_GDP","A","2016",37.722,
"DEU","TAXREV","TOT","PC_GDP","A","2017",37.793,
"DEU","TAXREV","TOT","PC_GDP","A","2018",38.544,
"DEU","TAXREV","TOT","PC_GDP","A","2019",38.812,
"GRC","TAXREV","TOT","PC_GDP","A","1965",17.133,
"GRC","TAXREV","TOT","PC_GDP","A","1966",18.363,
"GRC","TAXREV","TOT","PC_GDP","A","1967",19.249,
"GRC","TAXREV","TOT","PC_GDP","A","1968",19.937,
"GRC","TAXREV","TOT","PC_GDP","A","1969",19.689,
"GRC","TAXREV","TOT","PC_GDP","A","1970",19.219,
"GRC","TAXREV","TOT","PC_GDP","A","1971",19.038,
"GRC","TAXREV","TOT","PC_GDP","A","1972",18.924,
"GRC","TAXREV","TOT","PC_GDP","A","1973",17.406,
"GRC","TAXREV","TOT","PC_GDP","A","1974",18.254,
"GRC","TAXREV","TOT","PC_GDP","A","1975",18.705,
"GRC","TAXREV","TOT","PC_GDP","A","1976",20.325,
"GRC","TAXREV","TOT","PC_GDP","A","1977",20.622,
"GRC","TAXREV","TOT","PC_GDP","A","1978",20.579,
"GRC","TAXREV","TOT","PC_GDP","A","1979",21.331,
"GRC","TAXREV","TOT","PC_GDP","A","1980",20.75,
"GRC","TAXREV","TOT","PC_GDP","A","1981",20.908,
"GRC","TAXREV","TOT","PC_GDP","A","1982",23.598,
"GRC","TAXREV","TOT","PC_GDP","A","1983",23.996,
"GRC","TAXREV","TOT","PC_GDP","A","1984",24.548,
"GRC","TAXREV","TOT","PC_GDP","A","1985",24.557,
"GRC","TAXREV","TOT","PC_GDP","A","1986",25.779,
"GRC","TAXREV","TOT","PC_GDP","A","1987",26.236,
"GRC","TAXREV","TOT","PC_GDP","A","1988",23.672,
"GRC","TAXREV","TOT","PC_GDP","A","1989",22.943,
"GRC","TAXREV","TOT","PC_GDP","A","1990",25.191,
"GRC","TAXREV","TOT","PC_GDP","A","1991",25.292,
"GRC","TAXREV","TOT","PC_GDP","A","1992",26.123,
"GRC","TAXREV","TOT","PC_GDP","A","1993",26.57,
"GRC","TAXREV","TOT","PC_GDP","A","1994",26.834,
"GRC","TAXREV","TOT","PC_GDP","A","1995",28.313,
"GRC","TAXREV","TOT","PC_GDP","A","1996",28.455,
"GRC","TAXREV","TOT","PC_GDP","A","1997",29.561,
"GRC","TAXREV","TOT","PC_GDP","A","1998",30.755,
"GRC","TAXREV","TOT","PC_GDP","A","1999",31.817,
"GRC","TAXREV","TOT","PC_GDP","A","2000",33.424,
"GRC","TAXREV","TOT","PC_GDP","A","2001",31.937,
"GRC","TAXREV","TOT","PC_GDP","A","2002",33.147,
"GRC","TAXREV","TOT","PC_GDP","A","2003",31.493,
"GRC","TAXREV","TOT","PC_GDP","A","2004",30.466,
"GRC","TAXREV","TOT","PC_GDP","A","2005",31.874,
"GRC","TAXREV","TOT","PC_GDP","A","2006",31.05,
"GRC","TAXREV","TOT","PC_GDP","A","2007",31.797,
"GRC","TAXREV","TOT","PC_GDP","A","2008",31.803,
"GRC","TAXREV","TOT","PC_GDP","A","2009",30.752,
"GRC","TAXREV","TOT","PC_GDP","A","2010",32.037,
"GRC","TAXREV","TOT","PC_GDP","A","2011",33.642,
"GRC","TAXREV","TOT","PC_GDP","A","2012",35.808,
"GRC","TAXREV","TOT","PC_GDP","A","2013",35.737,
"GRC","TAXREV","TOT","PC_GDP","A","2014",36.004,
"GRC","TAXREV","TOT","PC_GDP","A","2015",36.393,
"GRC","TAXREV","TOT","PC_GDP","A","2016",38.361,
"GRC","TAXREV","TOT","PC_GDP","A","2017",38.622,
"GRC","TAXREV","TOT","PC_GDP","A","2018",38.919,
"GRC","TAXREV","TOT","PC_GDP","A","2019",38.707,
"HUN","TAXREV","TOT","PC_GDP","A","1991",44.622,
"HUN","TAXREV","TOT","PC_GDP","A","1992",44.354,
"HUN","TAXREV","TOT","PC_GDP","A","1993",45.197,
"HUN","TAXREV","TOT","PC_GDP","A","1994",42.735,
"HUN","TAXREV","TOT","PC_GDP","A","1995",40.77,
"HUN","TAXREV","TOT","PC_GDP","A","1996",39.421,
"HUN","TAXREV","TOT","PC_GDP","A","1997",37.743,
"HUN","TAXREV","TOT","PC_GDP","A","1998",37.499,
"HUN","TAXREV","TOT","PC_GDP","A","1999",38.279,
"HUN","TAXREV","TOT","PC_GDP","A","2000",38.584,
"HUN","TAXREV","TOT","PC_GDP","A","2001",37.657,
"HUN","TAXREV","TOT","PC_GDP","A","2002",37.423,
"HUN","TAXREV","TOT","PC_GDP","A","2003",37.261,
"HUN","TAXREV","TOT","PC_GDP","A","2004",37.058,
"HUN","TAXREV","TOT","PC_GDP","A","2005",36.556,
"HUN","TAXREV","TOT","PC_GDP","A","2006",36.447,
"HUN","TAXREV","TOT","PC_GDP","A","2007",39.356,
"HUN","TAXREV","TOT","PC_GDP","A","2008",39.423,
"HUN","TAXREV","TOT","PC_GDP","A","2009",38.901,
"HUN","TAXREV","TOT","PC_GDP","A","2010",37.194,
"HUN","TAXREV","TOT","PC_GDP","A","2011",36.643,
"HUN","TAXREV","TOT","PC_GDP","A","2012",39.163,
"HUN","TAXREV","TOT","PC_GDP","A","2013",38.586,
"HUN","TAXREV","TOT","PC_GDP","A","2014",38.552,
"HUN","TAXREV","TOT","PC_GDP","A","2015",38.901,
"HUN","TAXREV","TOT","PC_GDP","A","2016",39.414,
"HUN","TAXREV","TOT","PC_GDP","A","2017",38.283,
"HUN","TAXREV","TOT","PC_GDP","A","2018",37.45,
"HUN","TAXREV","TOT","PC_GDP","A","2019",35.771,
"ISL","TAXREV","TOT","PC_GDP","A","1965",25.691,
"ISL","TAXREV","TOT","PC_GDP","A","1970",26.92,
"ISL","TAXREV","TOT","PC_GDP","A","1975",29.468,
"ISL","TAXREV","TOT","PC_GDP","A","1980",29.119,
"ISL","TAXREV","TOT","PC_GDP","A","1981",30.235,
"ISL","TAXREV","TOT","PC_GDP","A","1982",30.512,
"ISL","TAXREV","TOT","PC_GDP","A","1983",27.885,
"ISL","TAXREV","TOT","PC_GDP","A","1984",29.104,
"ISL","TAXREV","TOT","PC_GDP","A","1985",27.711,
"ISL","TAXREV","TOT","PC_GDP","A","1986",27.916,
"ISL","TAXREV","TOT","PC_GDP","A","1987",28.245,
"ISL","TAXREV","TOT","PC_GDP","A","1988",30.776,
"ISL","TAXREV","TOT","PC_GDP","A","1989",30.886,
"ISL","TAXREV","TOT","PC_GDP","A","1990",30.438,
"ISL","TAXREV","TOT","PC_GDP","A","1991",30.792,
"ISL","TAXREV","TOT","PC_GDP","A","1992",31.618,
"ISL","TAXREV","TOT","PC_GDP","A","1993",30.554,
"ISL","TAXREV","TOT","PC_GDP","A","1994",30.102,
"ISL","TAXREV","TOT","PC_GDP","A","1995",30.678,
"ISL","TAXREV","TOT","PC_GDP","A","1996",31.834,
"ISL","TAXREV","TOT","PC_GDP","A","1997",31.541,
"ISL","TAXREV","TOT","PC_GDP","A","1998",33.664,
"ISL","TAXREV","TOT","PC_GDP","A","1999",35.961,
"ISL","TAXREV","TOT","PC_GDP","A","2000",35.963,
"ISL","TAXREV","TOT","PC_GDP","A","2001",34.184,
"ISL","TAXREV","TOT","PC_GDP","A","2002",33.854,
"ISL","TAXREV","TOT","PC_GDP","A","2003",35.312,
"ISL","TAXREV","TOT","PC_GDP","A","2004",36.301,
"ISL","TAXREV","TOT","PC_GDP","A","2005",39.412,
"ISL","TAXREV","TOT","PC_GDP","A","2006",40.125,
"ISL","TAXREV","TOT","PC_GDP","A","2007",38.585,
"ISL","TAXREV","TOT","PC_GDP","A","2008",34.519,
"ISL","TAXREV","TOT","PC_GDP","A","2009",31.179,
"ISL","TAXREV","TOT","PC_GDP","A","2010",32.299,
"ISL","TAXREV","TOT","PC_GDP","A","2011",33.335,
"ISL","TAXREV","TOT","PC_GDP","A","2012",34.014,
"ISL","TAXREV","TOT","PC_GDP","A","2013",34.515,
"ISL","TAXREV","TOT","PC_GDP","A","2014",37.34,
"ISL","TAXREV","TOT","PC_GDP","A","2015",35.398,
"ISL","TAXREV","TOT","PC_GDP","A","2016",50.809,
"ISL","TAXREV","TOT","PC_GDP","A","2017",37.564,
"ISL","TAXREV","TOT","PC_GDP","A","2018",37.225,
"ISL","TAXREV","TOT","PC_GDP","A","2019",36.075,
"IRL","TAXREV","TOT","PC_GDP","A","1965",24.512,
"IRL","TAXREV","TOT","PC_GDP","A","1966",26.477,
"IRL","TAXREV","TOT","PC_GDP","A","1967",27.009,
"IRL","TAXREV","TOT","PC_GDP","A","1968",27.427,
"IRL","TAXREV","TOT","PC_GDP","A","1969",28.075,
"IRL","TAXREV","TOT","PC_GDP","A","1970",27.57,
"IRL","TAXREV","TOT","PC_GDP","A","1971",28.57,
"IRL","TAXREV","TOT","PC_GDP","A","1972",27.377,
"IRL","TAXREV","TOT","PC_GDP","A","1973",27.543,
"IRL","TAXREV","TOT","PC_GDP","A","1974",27.956,
"IRL","TAXREV","TOT","PC_GDP","A","1975",27.863,
"IRL","TAXREV","TOT","PC_GDP","A","1976",30.887,
"IRL","TAXREV","TOT","PC_GDP","A","1977",29.417,
"IRL","TAXREV","TOT","PC_GDP","A","1978",27.859,
"IRL","TAXREV","TOT","PC_GDP","A","1979",27.522,
"IRL","TAXREV","TOT","PC_GDP","A","1980",30.075,
"IRL","TAXREV","TOT","PC_GDP","A","1981",31.123,
"IRL","TAXREV","TOT","PC_GDP","A","1982",32.479,
"IRL","TAXREV","TOT","PC_GDP","A","1983",33.863,
"IRL","TAXREV","TOT","PC_GDP","A","1984",34.619,
"IRL","TAXREV","TOT","PC_GDP","A","1985",33.58,
"IRL","TAXREV","TOT","PC_GDP","A","1986",34.315,
"IRL","TAXREV","TOT","PC_GDP","A","1987",34.488,
"IRL","TAXREV","TOT","PC_GDP","A","1988",35.646,
"IRL","TAXREV","TOT","PC_GDP","A","1989",32.476,
"IRL","TAXREV","TOT","PC_GDP","A","1990",32.35,
"IRL","TAXREV","TOT","PC_GDP","A","1991",32.917,
"IRL","TAXREV","TOT","PC_GDP","A","1992",33.257,
"IRL","TAXREV","TOT","PC_GDP","A","1993",33.256,
"IRL","TAXREV","TOT","PC_GDP","A","1994",34.325,
"IRL","TAXREV","TOT","PC_GDP","A","1995",31.734,
"IRL","TAXREV","TOT","PC_GDP","A","1996",32.273,
"IRL","TAXREV","TOT","PC_GDP","A","1997",31.367,
"IRL","TAXREV","TOT","PC_GDP","A","1998",30.837,
"IRL","TAXREV","TOT","PC_GDP","A","1999",30.888,
"IRL","TAXREV","TOT","PC_GDP","A","2000",30.783,
"IRL","TAXREV","TOT","PC_GDP","A","2001",28.684,
"IRL","TAXREV","TOT","PC_GDP","A","2002",27.88,
"IRL","TAXREV","TOT","PC_GDP","A","2003",28.53,
"IRL","TAXREV","TOT","PC_GDP","A","2004",29.598,
"IRL","TAXREV","TOT","PC_GDP","A","2005",30.064,
"IRL","TAXREV","TOT","PC_GDP","A","2006",31.413,
"IRL","TAXREV","TOT","PC_GDP","A","2007",30.826,
"IRL","TAXREV","TOT","PC_GDP","A","2008",29.018,
"IRL","TAXREV","TOT","PC_GDP","A","2009",27.971,
"IRL","TAXREV","TOT","PC_GDP","A","2010",27.663,
"IRL","TAXREV","TOT","PC_GDP","A","2011",28.379,
"IRL","TAXREV","TOT","PC_GDP","A","2012",28.634,
"IRL","TAXREV","TOT","PC_GDP","A","2013",28.914,
"IRL","TAXREV","TOT","PC_GDP","A","2014",29.002,
"IRL","TAXREV","TOT","PC_GDP","A","2015",23.37,
"IRL","TAXREV","TOT","PC_GDP","A","2016",23.61,
"IRL","TAXREV","TOT","PC_GDP","A","2017",22.761,
"IRL","TAXREV","TOT","PC_GDP","A","2018",22.673,
"IRL","TAXREV","TOT","PC_GDP","A","2019",22.656,
"ITA","TAXREV","TOT","PC_GDP","A","1965",24.581,
"ITA","TAXREV","TOT","PC_GDP","A","1966",24.372,
"ITA","TAXREV","TOT","PC_GDP","A","1967",25.265,
"ITA","TAXREV","TOT","PC_GDP","A","1968",26.009,
"ITA","TAXREV","TOT","PC_GDP","A","1969",25.418,
"ITA","TAXREV","TOT","PC_GDP","A","1970",24.762,
"ITA","TAXREV","TOT","PC_GDP","A","1971",25.384,
"ITA","TAXREV","TOT","PC_GDP","A","1972",25.297,
"ITA","TAXREV","TOT","PC_GDP","A","1973",23.052,
"ITA","TAXREV","TOT","PC_GDP","A","1974",24.157,
"ITA","TAXREV","TOT","PC_GDP","A","1975",24.441,
"ITA","TAXREV","TOT","PC_GDP","A","1976",25.349,
"ITA","TAXREV","TOT","PC_GDP","A","1977",25.834,
"ITA","TAXREV","TOT","PC_GDP","A","1978",25.987,
"ITA","TAXREV","TOT","PC_GDP","A","1979",25.189,
"ITA","TAXREV","TOT","PC_GDP","A","1980",28.624,
"ITA","TAXREV","TOT","PC_GDP","A","1981",29.744,
"ITA","TAXREV","TOT","PC_GDP","A","1982",31.827,
"ITA","TAXREV","TOT","PC_GDP","A","1983",33.715,
"ITA","TAXREV","TOT","PC_GDP","A","1984",32.89,
"ITA","TAXREV","TOT","PC_GDP","A","1985",32.409,
"ITA","TAXREV","TOT","PC_GDP","A","1986",33.906,
"ITA","TAXREV","TOT","PC_GDP","A","1987",33.996,
"ITA","TAXREV","TOT","PC_GDP","A","1988",34.535,
"ITA","TAXREV","TOT","PC_GDP","A","1989",35.465,
"ITA","TAXREV","TOT","PC_GDP","A","1990",36.271,
"ITA","TAXREV","TOT","PC_GDP","A","1991",36.665,
"ITA","TAXREV","TOT","PC_GDP","A","1992",38.921,
"ITA","TAXREV","TOT","PC_GDP","A","1993",40.505,
"ITA","TAXREV","TOT","PC_GDP","A","1994",38.581,
"ITA","TAXREV","TOT","PC_GDP","A","1995",38.455,
"ITA","TAXREV","TOT","PC_GDP","A","1996",40.154,
"ITA","TAXREV","TOT","PC_GDP","A","1997",41.574,
"ITA","TAXREV","TOT","PC_GDP","A","1998",39.92,
"ITA","TAXREV","TOT","PC_GDP","A","1999",40.793,
"ITA","TAXREV","TOT","PC_GDP","A","2000",40.523,
"ITA","TAXREV","TOT","PC_GDP","A","2001",40.135,
"ITA","TAXREV","TOT","PC_GDP","A","2002",39.619,
"ITA","TAXREV","TOT","PC_GDP","A","2003",39.953,
"ITA","TAXREV","TOT","PC_GDP","A","2004",39.225,
"ITA","TAXREV","TOT","PC_GDP","A","2005",39.047,
"ITA","TAXREV","TOT","PC_GDP","A","2006",40.464,
"ITA","TAXREV","TOT","PC_GDP","A","2007",41.564,
"ITA","TAXREV","TOT","PC_GDP","A","2008",41.596,
"ITA","TAXREV","TOT","PC_GDP","A","2009",41.97,
"ITA","TAXREV","TOT","PC_GDP","A","2010",41.701,
"ITA","TAXREV","TOT","PC_GDP","A","2011",41.637,
"ITA","TAXREV","TOT","PC_GDP","A","2012",43.617,
"ITA","TAXREV","TOT","PC_GDP","A","2013",43.828,
"ITA","TAXREV","TOT","PC_GDP","A","2014",43.325,
"ITA","TAXREV","TOT","PC_GDP","A","2015",42.958,
"ITA","TAXREV","TOT","PC_GDP","A","2016",42.242,
"ITA","TAXREV","TOT","PC_GDP","A","2017",41.912,
"ITA","TAXREV","TOT","PC_GDP","A","2018",41.871,
"ITA","TAXREV","TOT","PC_GDP","A","2019",42.446,
"JPN","TAXREV","TOT","PC_GDP","A","1965",17.58,
"JPN","TAXREV","TOT","PC_GDP","A","1966",17.038,
"JPN","TAXREV","TOT","PC_GDP","A","1967",17.51,
"JPN","TAXREV","TOT","PC_GDP","A","1968",17.744,
"JPN","TAXREV","TOT","PC_GDP","A","1969",18.064,
"JPN","TAXREV","TOT","PC_GDP","A","1970",18.95,
"JPN","TAXREV","TOT","PC_GDP","A","1971",19.235,
"JPN","TAXREV","TOT","PC_GDP","A","1972",19.869,
"JPN","TAXREV","TOT","PC_GDP","A","1973",21.545,
"JPN","TAXREV","TOT","PC_GDP","A","1974",22.089,
"JPN","TAXREV","TOT","PC_GDP","A","1975",20.144,
"JPN","TAXREV","TOT","PC_GDP","A","1976",20.952,
"JPN","TAXREV","TOT","PC_GDP","A","1977",21.493,
"JPN","TAXREV","TOT","PC_GDP","A","1978",23.109,
"JPN","TAXREV","TOT","PC_GDP","A","1979",23.521,
"JPN","TAXREV","TOT","PC_GDP","A","1980",24.472,
"JPN","TAXREV","TOT","PC_GDP","A","1981",25.108,
"JPN","TAXREV","TOT","PC_GDP","A","1982",25.58,
"JPN","TAXREV","TOT","PC_GDP","A","1983",26.008,
"JPN","TAXREV","TOT","PC_GDP","A","1984",26.16,
"JPN","TAXREV","TOT","PC_GDP","A","1985",26.394,
"JPN","TAXREV","TOT","PC_GDP","A","1986",27.354,
"JPN","TAXREV","TOT","PC_GDP","A","1987",28.22,
"JPN","TAXREV","TOT","PC_GDP","A","1988",28.678,
"JPN","TAXREV","TOT","PC_GDP","A","1989",28.952,
"JPN","TAXREV","TOT","PC_GDP","A","1990",28.197,
"JPN","TAXREV","TOT","PC_GDP","A","1991",27.857,
"JPN","TAXREV","TOT","PC_GDP","A","1992",26.332,
"JPN","TAXREV","TOT","PC_GDP","A","1993",26.317,
"JPN","TAXREV","TOT","PC_GDP","A","1994",25.459,
"JPN","TAXREV","TOT","PC_GDP","A","1995",25.849,
"JPN","TAXREV","TOT","PC_GDP","A","1996",25.813,
"JPN","TAXREV","TOT","PC_GDP","A","1997",26.175,
"JPN","TAXREV","TOT","PC_GDP","A","1998",25.67,
"JPN","TAXREV","TOT","PC_GDP","A","1999",25.2,
"JPN","TAXREV","TOT","PC_GDP","A","2000",25.78,
"JPN","TAXREV","TOT","PC_GDP","A","2001",25.938,
"JPN","TAXREV","TOT","PC_GDP","A","2002",24.914,
"JPN","TAXREV","TOT","PC_GDP","A","2003",24.532,
"JPN","TAXREV","TOT","PC_GDP","A","2004",25.153,
"JPN","TAXREV","TOT","PC_GDP","A","2005",26.243,
"JPN","TAXREV","TOT","PC_GDP","A","2006",27.031,
"JPN","TAXREV","TOT","PC_GDP","A","2007",27.546,
"JPN","TAXREV","TOT","PC_GDP","A","2008",27.404,
"JPN","TAXREV","TOT","PC_GDP","A","2009",25.969,
"JPN","TAXREV","TOT","PC_GDP","A","2010",26.527,
"JPN","TAXREV","TOT","PC_GDP","A","2011",27.461,
"JPN","TAXREV","TOT","PC_GDP","A","2012",28.238,
"JPN","TAXREV","TOT","PC_GDP","A","2013",28.862,
"JPN","TAXREV","TOT","PC_GDP","A","2014",30.273,
"JPN","TAXREV","TOT","PC_GDP","A","2015",30.694,
"JPN","TAXREV","TOT","PC_GDP","A","2016",30.729,
"JPN","TAXREV","TOT","PC_GDP","A","2017",31.377,
"JPN","TAXREV","TOT","PC_GDP","A","2018",32.03,
"KOR","TAXREV","TOT","PC_GDP","A","1972",12.098,
"KOR","TAXREV","TOT","PC_GDP","A","1973",11.676,
"KOR","TAXREV","TOT","PC_GDP","A","1974",12.765,
"KOR","TAXREV","TOT","PC_GDP","A","1975",14.52,
"KOR","TAXREV","TOT","PC_GDP","A","1976",15.806,
"KOR","TAXREV","TOT","PC_GDP","A","1977",15.755,
"KOR","TAXREV","TOT","PC_GDP","A","1978",16.148,
"KOR","TAXREV","TOT","PC_GDP","A","1979",16.449,
"KOR","TAXREV","TOT","PC_GDP","A","1980",16.513,
"KOR","TAXREV","TOT","PC_GDP","A","1981",16.358,
"KOR","TAXREV","TOT","PC_GDP","A","1982",16.54,
"KOR","TAXREV","TOT","PC_GDP","A","1983",16.754,
"KOR","TAXREV","TOT","PC_GDP","A","1984",15.758,
"KOR","TAXREV","TOT","PC_GDP","A","1985",15.381,
"KOR","TAXREV","TOT","PC_GDP","A","1986",15.013,
"KOR","TAXREV","TOT","PC_GDP","A","1987",15.272,
"KOR","TAXREV","TOT","PC_GDP","A","1988",15.176,
"KOR","TAXREV","TOT","PC_GDP","A","1989",15.92,
"KOR","TAXREV","TOT","PC_GDP","A","1990",18.371,
"KOR","TAXREV","TOT","PC_GDP","A","1991",18.072,
"KOR","TAXREV","TOT","PC_GDP","A","1992",17.981,
"KOR","TAXREV","TOT","PC_GDP","A","1993",18.298,
"KOR","TAXREV","TOT","PC_GDP","A","1994",18.419,
"KOR","TAXREV","TOT","PC_GDP","A","1995",18.636,
"KOR","TAXREV","TOT","PC_GDP","A","1996",19.251,
"KOR","TAXREV","TOT","PC_GDP","A","1997",18.915,
"KOR","TAXREV","TOT","PC_GDP","A","1998",18.925,
"KOR","TAXREV","TOT","PC_GDP","A","1999",19.222,
"KOR","TAXREV","TOT","PC_GDP","A","2000",20.916,
"KOR","TAXREV","TOT","PC_GDP","A","2001",21.201,
"KOR","TAXREV","TOT","PC_GDP","A","2002",21.312,
"KOR","TAXREV","TOT","PC_GDP","A","2003",21.991,
"KOR","TAXREV","TOT","PC_GDP","A","2004",21.177,
"KOR","TAXREV","TOT","PC_GDP","A","2005",21.656,
"KOR","TAXREV","TOT","PC_GDP","A","2006",22.632,
"KOR","TAXREV","TOT","PC_GDP","A","2007",23.73,
"KOR","TAXREV","TOT","PC_GDP","A","2008",23.583,
"KOR","TAXREV","TOT","PC_GDP","A","2009",22.703,
"KOR","TAXREV","TOT","PC_GDP","A","2010",22.378,
"KOR","TAXREV","TOT","PC_GDP","A","2011",23.177,
"KOR","TAXREV","TOT","PC_GDP","A","2012",23.702,
"KOR","TAXREV","TOT","PC_GDP","A","2013",23.143,
"KOR","TAXREV","TOT","PC_GDP","A","2014",23.381,
"KOR","TAXREV","TOT","PC_GDP","A","2015",23.737,
"KOR","TAXREV","TOT","PC_GDP","A","2016",24.745,
"KOR","TAXREV","TOT","PC_GDP","A","2017",25.357,
"KOR","TAXREV","TOT","PC_GDP","A","2018",26.752,
"KOR","TAXREV","TOT","PC_GDP","A","2019",27.377,
"LUX","TAXREV","TOT","PC_GDP","A","1965",26.35,
"LUX","TAXREV","TOT","PC_GDP","A","1966",26.096,
"LUX","TAXREV","TOT","PC_GDP","A","1967",26.743,
"LUX","TAXREV","TOT","PC_GDP","A","1968",25.854,
"LUX","TAXREV","TOT","PC_GDP","A","1969",26.012,
"LUX","TAXREV","TOT","PC_GDP","A","1970",22.482,
"LUX","TAXREV","TOT","PC_GDP","A","1971",24.592,
"LUX","TAXREV","TOT","PC_GDP","A","1972",25.097,
"LUX","TAXREV","TOT","PC_GDP","A","1973",25.449,
"LUX","TAXREV","TOT","PC_GDP","A","1974",26.299,
"LUX","TAXREV","TOT","PC_GDP","A","1975",31.373,
"LUX","TAXREV","TOT","PC_GDP","A","1976",31.549,
"LUX","TAXREV","TOT","PC_GDP","A","1977",34.95,
"LUX","TAXREV","TOT","PC_GDP","A","1978",35.586,
"LUX","TAXREV","TOT","PC_GDP","A","1979",33.327,
"LUX","TAXREV","TOT","PC_GDP","A","1980",34.156,
"LUX","TAXREV","TOT","PC_GDP","A","1981",35.081,
"LUX","TAXREV","TOT","PC_GDP","A","1982",36.248,
"LUX","TAXREV","TOT","PC_GDP","A","1983",38.219,
"LUX","TAXREV","TOT","PC_GDP","A","1984",36.774,
"LUX","TAXREV","TOT","PC_GDP","A","1985",37.792,
"LUX","TAXREV","TOT","PC_GDP","A","1986",35.836,
"LUX","TAXREV","TOT","PC_GDP","A","1987",36.034,
"LUX","TAXREV","TOT","PC_GDP","A","1988",34.721,
"LUX","TAXREV","TOT","PC_GDP","A","1989",33.927,
"LUX","TAXREV","TOT","PC_GDP","A","1990",33.498,
"LUX","TAXREV","TOT","PC_GDP","A","1991",31.397,
"LUX","TAXREV","TOT","PC_GDP","A","1992",32.24,
"LUX","TAXREV","TOT","PC_GDP","A","1993",34.223,
"LUX","TAXREV","TOT","PC_GDP","A","1994",34.611,
"LUX","TAXREV","TOT","PC_GDP","A","1995",34.766,
"LUX","TAXREV","TOT","PC_GDP","A","1996",34.983,
"LUX","TAXREV","TOT","PC_GDP","A","1997",36.393,
"LUX","TAXREV","TOT","PC_GDP","A","1998",37.274,
"LUX","TAXREV","TOT","PC_GDP","A","1999",36.15,
"LUX","TAXREV","TOT","PC_GDP","A","2000",36.875,
"LUX","TAXREV","TOT","PC_GDP","A","2001",37.398,
"LUX","TAXREV","TOT","PC_GDP","A","2002",37.29,
"LUX","TAXREV","TOT","PC_GDP","A","2003",37.452,
"LUX","TAXREV","TOT","PC_GDP","A","2004",36.565,
"LUX","TAXREV","TOT","PC_GDP","A","2005",37.748,
"LUX","TAXREV","TOT","PC_GDP","A","2006",35.689,
"LUX","TAXREV","TOT","PC_GDP","A","2007",36.191,
"LUX","TAXREV","TOT","PC_GDP","A","2008",36.75,
"LUX","TAXREV","TOT","PC_GDP","A","2009",38.29,
"LUX","TAXREV","TOT","PC_GDP","A","2010",37.507,
"LUX","TAXREV","TOT","PC_GDP","A","2011",37.062,
"LUX","TAXREV","TOT","PC_GDP","A","2012",38.348,
"LUX","TAXREV","TOT","PC_GDP","A","2013",38.157,
"LUX","TAXREV","TOT","PC_GDP","A","2014",37.459,
"LUX","TAXREV","TOT","PC_GDP","A","2015",36.985,
"LUX","TAXREV","TOT","PC_GDP","A","2016",36.827,
"LUX","TAXREV","TOT","PC_GDP","A","2017",37.611,
"LUX","TAXREV","TOT","PC_GDP","A","2018",39.743,
"LUX","TAXREV","TOT","PC_GDP","A","2019",39.222,
"MEX","TAXREV","TOT","PC_GDP","A","1980",14.169,
"MEX","TAXREV","TOT","PC_GDP","A","1981",13.781,
"MEX","TAXREV","TOT","PC_GDP","A","1982",14.035,
"MEX","TAXREV","TOT","PC_GDP","A","1983",15.659,
"MEX","TAXREV","TOT","PC_GDP","A","1984",15.222,
"MEX","TAXREV","TOT","PC_GDP","A","1985",14.846,
"MEX","TAXREV","TOT","PC_GDP","A","1986",14.165,
"MEX","TAXREV","TOT","PC_GDP","A","1987",15.065,
"MEX","TAXREV","TOT","PC_GDP","A","1988",14.525,
"MEX","TAXREV","TOT","PC_GDP","A","1989",15.061,
"MEX","TAXREV","TOT","PC_GDP","A","1990",12.091,
"MEX","TAXREV","TOT","PC_GDP","A","1991",12.257,
"MEX","TAXREV","TOT","PC_GDP","A","1992",12.802,
"MEX","TAXREV","TOT","PC_GDP","A","1993",12.002,
"MEX","TAXREV","TOT","PC_GDP","A","1994",12.002,
"MEX","TAXREV","TOT","PC_GDP","A","1995",10.11,
"MEX","TAXREV","TOT","PC_GDP","A","1996",9.912,
"MEX","TAXREV","TOT","PC_GDP","A","1997",10.5,
"MEX","TAXREV","TOT","PC_GDP","A","1998",10.963,
"MEX","TAXREV","TOT","PC_GDP","A","1999",11.728,
"MEX","TAXREV","TOT","PC_GDP","A","2000",11.462,
"MEX","TAXREV","TOT","PC_GDP","A","2001",12.194,
"MEX","TAXREV","TOT","PC_GDP","A","2002",12.61,
"MEX","TAXREV","TOT","PC_GDP","A","2003",12.671,
"MEX","TAXREV","TOT","PC_GDP","A","2004",11.559,
"MEX","TAXREV","TOT","PC_GDP","A","2005",11.362,
"MEX","TAXREV","TOT","PC_GDP","A","2006",11.588,
"MEX","TAXREV","TOT","PC_GDP","A","2007",12.014,
"MEX","TAXREV","TOT","PC_GDP","A","2008",12.599,
"MEX","TAXREV","TOT","PC_GDP","A","2009",12.467,
"MEX","TAXREV","TOT","PC_GDP","A","2010",12.84,
"MEX","TAXREV","TOT","PC_GDP","A","2011",12.767,
"MEX","TAXREV","TOT","PC_GDP","A","2012",12.649,
"MEX","TAXREV","TOT","PC_GDP","A","2013",13.304,
"MEX","TAXREV","TOT","PC_GDP","A","2014",13.702,
"MEX","TAXREV","TOT","PC_GDP","A","2015",15.92,
"MEX","TAXREV","TOT","PC_GDP","A","2016",16.618,
"MEX","TAXREV","TOT","PC_GDP","A","2017",16.096,
"MEX","TAXREV","TOT","PC_GDP","A","2018",16.167,
"MEX","TAXREV","TOT","PC_GDP","A","2019",16.471,
"NLD","TAXREV","TOT","PC_GDP","A","1965",30.48,
"NLD","TAXREV","TOT","PC_GDP","A","1966",31.787,
"NLD","TAXREV","TOT","PC_GDP","A","1967",32.716,
"NLD","TAXREV","TOT","PC_GDP","A","1968",33.37,
"NLD","TAXREV","TOT","PC_GDP","A","1969",32.169,
"NLD","TAXREV","TOT","PC_GDP","A","1970",32.974,
"NLD","TAXREV","TOT","PC_GDP","A","1971",34.336,
"NLD","TAXREV","TOT","PC_GDP","A","1972",35.415,
"NLD","TAXREV","TOT","PC_GDP","A","1973",36.385,
"NLD","TAXREV","TOT","PC_GDP","A","1974",36.79,
"NLD","TAXREV","TOT","PC_GDP","A","1975",37.72,
"NLD","TAXREV","TOT","PC_GDP","A","1976",37.609,
"NLD","TAXREV","TOT","PC_GDP","A","1977",38.435,
"NLD","TAXREV","TOT","PC_GDP","A","1978",39.054,
"NLD","TAXREV","TOT","PC_GDP","A","1979",39.456,
"NLD","TAXREV","TOT","PC_GDP","A","1980",39.748,
"NLD","TAXREV","TOT","PC_GDP","A","1981",38.918,
"NLD","TAXREV","TOT","PC_GDP","A","1982",39.57,
"NLD","TAXREV","TOT","PC_GDP","A","1983",40.647,
"NLD","TAXREV","TOT","PC_GDP","A","1984",38.964,
"NLD","TAXREV","TOT","PC_GDP","A","1985",39.284,
"NLD","TAXREV","TOT","PC_GDP","A","1986",39.9,
"NLD","TAXREV","TOT","PC_GDP","A","1987",42.121,
"NLD","TAXREV","TOT","PC_GDP","A","1988",42.081,
"NLD","TAXREV","TOT","PC_GDP","A","1989",39.691,
"NLD","TAXREV","TOT","PC_GDP","A","1990",39.698,
"NLD","TAXREV","TOT","PC_GDP","A","1991",41.728,
"NLD","TAXREV","TOT","PC_GDP","A","1992",41.389,
"NLD","TAXREV","TOT","PC_GDP","A","1993",41.581,
"NLD","TAXREV","TOT","PC_GDP","A","1994",39.733,
"NLD","TAXREV","TOT","PC_GDP","A","1995",37.248,
"NLD","TAXREV","TOT","PC_GDP","A","1996",37.345,
"NLD","TAXREV","TOT","PC_GDP","A","1997",36.798,
"NLD","TAXREV","TOT","PC_GDP","A","1998",36.254,
"NLD","TAXREV","TOT","PC_GDP","A","1999",37.158,
"NLD","TAXREV","TOT","PC_GDP","A","2000",36.907,
"NLD","TAXREV","TOT","PC_GDP","A","2001",35.612,
"NLD","TAXREV","TOT","PC_GDP","A","2002",35.014,
"NLD","TAXREV","TOT","PC_GDP","A","2003",34.804,
"NLD","TAXREV","TOT","PC_GDP","A","2004",34.809,
"NLD","TAXREV","TOT","PC_GDP","A","2005",35.013,
"NLD","TAXREV","TOT","PC_GDP","A","2006",36.047,
"NLD","TAXREV","TOT","PC_GDP","A","2007",35.685,
"NLD","TAXREV","TOT","PC_GDP","A","2008",35.946,
"NLD","TAXREV","TOT","PC_GDP","A","2009",34.939,
"NLD","TAXREV","TOT","PC_GDP","A","2010",35.656,
"NLD","TAXREV","TOT","PC_GDP","A","2011",35.443,
"NLD","TAXREV","TOT","PC_GDP","A","2012",35.587,
"NLD","TAXREV","TOT","PC_GDP","A","2013",36.109,
"NLD","TAXREV","TOT","PC_GDP","A","2014",37.047,
"NLD","TAXREV","TOT","PC_GDP","A","2015",37.007,
"NLD","TAXREV","TOT","PC_GDP","A","2016",38.405,
"NLD","TAXREV","TOT","PC_GDP","A","2017",38.701,
"NLD","TAXREV","TOT","PC_GDP","A","2018",38.799,
"NLD","TAXREV","TOT","PC_GDP","A","2019",39.333,
"NZL","TAXREV","TOT","PC_GDP","A","1965",24.498,
"NZL","TAXREV","TOT","PC_GDP","A","1966",25.226,
"NZL","TAXREV","TOT","PC_GDP","A","1967",27.293,
"NZL","TAXREV","TOT","PC_GDP","A","1968",23.703,
"NZL","TAXREV","TOT","PC_GDP","A","1969",24.806,
"NZL","TAXREV","TOT","PC_GDP","A","1970",26.516,
"NZL","TAXREV","TOT","PC_GDP","A","1971",26.509,
"NZL","TAXREV","TOT","PC_GDP","A","1972",25.962,
"NZL","TAXREV","TOT","PC_GDP","A","1973",27.5,
"NZL","TAXREV","TOT","PC_GDP","A","1974",30.227,
"NZL","TAXREV","TOT","PC_GDP","A","1975",29.994,
"NZL","TAXREV","TOT","PC_GDP","A","1976",29.733,
"NZL","TAXREV","TOT","PC_GDP","A","1977",31.762,
"NZL","TAXREV","TOT","PC_GDP","A","1978",30.297,
"NZL","TAXREV","TOT","PC_GDP","A","1979",31.526,
"NZL","TAXREV","TOT","PC_GDP","A","1980",31.658,
"NZL","TAXREV","TOT","PC_GDP","A","1981",32.585,
"NZL","TAXREV","TOT","PC_GDP","A","1982",32.532,
"NZL","TAXREV","TOT","PC_GDP","A","1983",30.222,
"NZL","TAXREV","TOT","PC_GDP","A","1984",30.269,
"NZL","TAXREV","TOT","PC_GDP","A","1985",31.208,
"NZL","TAXREV","TOT","PC_GDP","A","1986",31.997,
"NZL","TAXREV","TOT","PC_GDP","A","1987",35.071,
"NZL","TAXREV","TOT","PC_GDP","A","1988",34.305,
"NZL","TAXREV","TOT","PC_GDP","A","1989",36.831,
"NZL","TAXREV","TOT","PC_GDP","A","1990",36.175,
"NZL","TAXREV","TOT","PC_GDP","A","1991",34.341,
"NZL","TAXREV","TOT","PC_GDP","A","1992",34.764,
"NZL","TAXREV","TOT","PC_GDP","A","1993",34.873,
"NZL","TAXREV","TOT","PC_GDP","A","1994",35.421,
"NZL","TAXREV","TOT","PC_GDP","A","1995",35.571,
"NZL","TAXREV","TOT","PC_GDP","A","1996",33.754,
"NZL","TAXREV","TOT","PC_GDP","A","1997",33.932,
"NZL","TAXREV","TOT","PC_GDP","A","1998",32.276,
"NZL","TAXREV","TOT","PC_GDP","A","1999",32.312,
"NZL","TAXREV","TOT","PC_GDP","A","2000",32.538,
"NZL","TAXREV","TOT","PC_GDP","A","2001",31.941,
"NZL","TAXREV","TOT","PC_GDP","A","2002",33.25,
"NZL","TAXREV","TOT","PC_GDP","A","2003",33.161,
"NZL","TAXREV","TOT","PC_GDP","A","2004",34.203,
"NZL","TAXREV","TOT","PC_GDP","A","2005",36.065,
"NZL","TAXREV","TOT","PC_GDP","A","2006",35.274,
"NZL","TAXREV","TOT","PC_GDP","A","2007",33.876,
"NZL","TAXREV","TOT","PC_GDP","A","2008",32.892,
"NZL","TAXREV","TOT","PC_GDP","A","2009",30.243,
"NZL","TAXREV","TOT","PC_GDP","A","2010",30.266,
"NZL","TAXREV","TOT","PC_GDP","A","2011",30.045,
"NZL","TAXREV","TOT","PC_GDP","A","2012",31.635,
"NZL","TAXREV","TOT","PC_GDP","A","2013",30.484,
"NZL","TAXREV","TOT","PC_GDP","A","2014",31.268,
"NZL","TAXREV","TOT","PC_GDP","A","2015",31.612,
"NZL","TAXREV","TOT","PC_GDP","A","2016",31.517,
"NZL","TAXREV","TOT","PC_GDP","A","2017",31.605,
"NZL","TAXREV","TOT","PC_GDP","A","2018",32.885,
"NZL","TAXREV","TOT","PC_GDP","A","2019",32.312,
"NOR","TAXREV","TOT","PC_GDP","A","1965",29.445,
"NOR","TAXREV","TOT","PC_GDP","A","1966",30.615,
"NOR","TAXREV","TOT","PC_GDP","A","1967",32.357,
"NOR","TAXREV","TOT","PC_GDP","A","1968",33.32,
"NOR","TAXREV","TOT","PC_GDP","A","1969",34.596,
"NOR","TAXREV","TOT","PC_GDP","A","1970",34.26,
"NOR","TAXREV","TOT","PC_GDP","A","1971",36.736,
"NOR","TAXREV","TOT","PC_GDP","A","1972",38.594,
"NOR","TAXREV","TOT","PC_GDP","A","1973",38.986,
"NOR","TAXREV","TOT","PC_GDP","A","1974",38.613,
"NOR","TAXREV","TOT","PC_GDP","A","1975",38.828,
"NOR","TAXREV","TOT","PC_GDP","A","1976",40.224,
"NOR","TAXREV","TOT","PC_GDP","A","1977",40.957,
"NOR","TAXREV","TOT","PC_GDP","A","1978",40.436,
"NOR","TAXREV","TOT","PC_GDP","A","1979",40.306,
"NOR","TAXREV","TOT","PC_GDP","A","1980",41.944,
"NOR","TAXREV","TOT","PC_GDP","A","1981",43.361,
"NOR","TAXREV","TOT","PC_GDP","A","1982",42.553,
"NOR","TAXREV","TOT","PC_GDP","A","1983",41.282,
"NOR","TAXREV","TOT","PC_GDP","A","1984",40.528,
"NOR","TAXREV","TOT","PC_GDP","A","1985",41.867,
"NOR","TAXREV","TOT","PC_GDP","A","1986",43.641,
"NOR","TAXREV","TOT","PC_GDP","A","1987",41.891,
"NOR","TAXREV","TOT","PC_GDP","A","1988",41.436,
"NOR","TAXREV","TOT","PC_GDP","A","1989",39.742,
"NOR","TAXREV","TOT","PC_GDP","A","1990",40.249,
"NOR","TAXREV","TOT","PC_GDP","A","1991",40.368,
"NOR","TAXREV","TOT","PC_GDP","A","1992",39.532,
"NOR","TAXREV","TOT","PC_GDP","A","1993",38.657,
"NOR","TAXREV","TOT","PC_GDP","A","1994",39.952,
"NOR","TAXREV","TOT","PC_GDP","A","1995",39.367,
"NOR","TAXREV","TOT","PC_GDP","A","1996",39.292,
"NOR","TAXREV","TOT","PC_GDP","A","1997",40.093,
"NOR","TAXREV","TOT","PC_GDP","A","1998",41.211,
"NOR","TAXREV","TOT","PC_GDP","A","1999",41.535,
"NOR","TAXREV","TOT","PC_GDP","A","2000",41.664,
"NOR","TAXREV","TOT","PC_GDP","A","2001",41.879,
"NOR","TAXREV","TOT","PC_GDP","A","2002",42.221,
"NOR","TAXREV","TOT","PC_GDP","A","2003",41.566,
"NOR","TAXREV","TOT","PC_GDP","A","2004",42.317,
"NOR","TAXREV","TOT","PC_GDP","A","2005",42.549,
"NOR","TAXREV","TOT","PC_GDP","A","2006",42.708,
"NOR","TAXREV","TOT","PC_GDP","A","2007",42.009,
"NOR","TAXREV","TOT","PC_GDP","A","2008",41.269,
"NOR","TAXREV","TOT","PC_GDP","A","2009",41.11,
"NOR","TAXREV","TOT","PC_GDP","A","2010",41.804,
"NOR","TAXREV","TOT","PC_GDP","A","2011",41.921,
"NOR","TAXREV","TOT","PC_GDP","A","2012",41.409,
"NOR","TAXREV","TOT","PC_GDP","A","2013",39.818,
"NOR","TAXREV","TOT","PC_GDP","A","2014",38.748,
"NOR","TAXREV","TOT","PC_GDP","A","2015",38.421,
"NOR","TAXREV","TOT","PC_GDP","A","2016",38.878,
"NOR","TAXREV","TOT","PC_GDP","A","2017",38.78,
"NOR","TAXREV","TOT","PC_GDP","A","2018",39.571,
"NOR","TAXREV","TOT","PC_GDP","A","2019",39.928,
"POL","TAXREV","TOT","PC_GDP","A","1991",34.027,
"POL","TAXREV","TOT","PC_GDP","A","1992",36.178,
"POL","TAXREV","TOT","PC_GDP","A","1993",39.217,
"POL","TAXREV","TOT","PC_GDP","A","1994",36.438,
"POL","TAXREV","TOT","PC_GDP","A","1995",36.617,
"POL","TAXREV","TOT","PC_GDP","A","1996",36.612,
"POL","TAXREV","TOT","PC_GDP","A","1997",36.114,
"POL","TAXREV","TOT","PC_GDP","A","1998",35.328,
"POL","TAXREV","TOT","PC_GDP","A","1999",35.021,
"POL","TAXREV","TOT","PC_GDP","A","2000",32.935,
"POL","TAXREV","TOT","PC_GDP","A","2001",32.895,
"POL","TAXREV","TOT","PC_GDP","A","2002",33.034,
"POL","TAXREV","TOT","PC_GDP","A","2003",32.49,
"POL","TAXREV","TOT","PC_GDP","A","2004",31.919,
"POL","TAXREV","TOT","PC_GDP","A","2005",32.96,
"POL","TAXREV","TOT","PC_GDP","A","2006",33.611,
"POL","TAXREV","TOT","PC_GDP","A","2007",34.622,
"POL","TAXREV","TOT","PC_GDP","A","2008",34.117,
"POL","TAXREV","TOT","PC_GDP","A","2009",31.199,
"POL","TAXREV","TOT","PC_GDP","A","2010",31.361,
"POL","TAXREV","TOT","PC_GDP","A","2011",31.797,
"POL","TAXREV","TOT","PC_GDP","A","2012",32.047,
"POL","TAXREV","TOT","PC_GDP","A","2013",31.872,
"POL","TAXREV","TOT","PC_GDP","A","2014",31.899,
"POL","TAXREV","TOT","PC_GDP","A","2015",32.439,
"POL","TAXREV","TOT","PC_GDP","A","2016",33.409,
"POL","TAXREV","TOT","PC_GDP","A","2017",34.124,
"POL","TAXREV","TOT","PC_GDP","A","2018",35.159,
"POL","TAXREV","TOT","PC_GDP","A","2019",35.385,
"PRT","TAXREV","TOT","PC_GDP","A","1965",15.669,
"PRT","TAXREV","TOT","PC_GDP","A","1966",16.07,
"PRT","TAXREV","TOT","PC_GDP","A","1967",16.725,
"PRT","TAXREV","TOT","PC_GDP","A","1968",16.766,
"PRT","TAXREV","TOT","PC_GDP","A","1969",17.426,
"PRT","TAXREV","TOT","PC_GDP","A","1970",17.585,
"PRT","TAXREV","TOT","PC_GDP","A","1971",17.339,
"PRT","TAXREV","TOT","PC_GDP","A","1972",17.122,
"PRT","TAXREV","TOT","PC_GDP","A","1973",16.727,
"PRT","TAXREV","TOT","PC_GDP","A","1974",17.135,
"PRT","TAXREV","TOT","PC_GDP","A","1975",18.856,
"PRT","TAXREV","TOT","PC_GDP","A","1976",20.475,
"PRT","TAXREV","TOT","PC_GDP","A","1977",20.887,
"PRT","TAXREV","TOT","PC_GDP","A","1978",20.172,
"PRT","TAXREV","TOT","PC_GDP","A","1979",19.868,
"PRT","TAXREV","TOT","PC_GDP","A","1980",21.886,
"PRT","TAXREV","TOT","PC_GDP","A","1981",23.151,
"PRT","TAXREV","TOT","PC_GDP","A","1982",23.741,
"PRT","TAXREV","TOT","PC_GDP","A","1983",25.103,
"PRT","TAXREV","TOT","PC_GDP","A","1984",24.594,
"PRT","TAXREV","TOT","PC_GDP","A","1985",24.125,
"PRT","TAXREV","TOT","PC_GDP","A","1986",25.457,
"PRT","TAXREV","TOT","PC_GDP","A","1987",23.991,
"PRT","TAXREV","TOT","PC_GDP","A","1988",25.63,
"PRT","TAXREV","TOT","PC_GDP","A","1989",26.286,
"PRT","TAXREV","TOT","PC_GDP","A","1990",26.486,
"PRT","TAXREV","TOT","PC_GDP","A","1991",27.53,
"PRT","TAXREV","TOT","PC_GDP","A","1992",29.454,
"PRT","TAXREV","TOT","PC_GDP","A","1993",28.029,
"PRT","TAXREV","TOT","PC_GDP","A","1994",28.804,
"PRT","TAXREV","TOT","PC_GDP","A","1995",29.281,
"PRT","TAXREV","TOT","PC_GDP","A","1996",29.957,
"PRT","TAXREV","TOT","PC_GDP","A","1997",29.929,
"PRT","TAXREV","TOT","PC_GDP","A","1998",30.184,
"PRT","TAXREV","TOT","PC_GDP","A","1999",30.968,
"PRT","TAXREV","TOT","PC_GDP","A","2000",31.062,
"PRT","TAXREV","TOT","PC_GDP","A","2001",30.833,
"PRT","TAXREV","TOT","PC_GDP","A","2002",31.264,
"PRT","TAXREV","TOT","PC_GDP","A","2003",31.359,
"PRT","TAXREV","TOT","PC_GDP","A","2004",30.174,
"PRT","TAXREV","TOT","PC_GDP","A","2005",30.827,
"PRT","TAXREV","TOT","PC_GDP","A","2006",31.329,
"PRT","TAXREV","TOT","PC_GDP","A","2007",31.814,
"PRT","TAXREV","TOT","PC_GDP","A","2008",31.689,
"PRT","TAXREV","TOT","PC_GDP","A","2009",29.92,
"PRT","TAXREV","TOT","PC_GDP","A","2010",30.459,
"PRT","TAXREV","TOT","PC_GDP","A","2011",32.342,
"PRT","TAXREV","TOT","PC_GDP","A","2012",31.799,
"PRT","TAXREV","TOT","PC_GDP","A","2013",34.028,
"PRT","TAXREV","TOT","PC_GDP","A","2014",34.191,
"PRT","TAXREV","TOT","PC_GDP","A","2015",34.392,
"PRT","TAXREV","TOT","PC_GDP","A","2016",34.061,
"PRT","TAXREV","TOT","PC_GDP","A","2017",34.121,
"PRT","TAXREV","TOT","PC_GDP","A","2018",34.82,
"PRT","TAXREV","TOT","PC_GDP","A","2019",34.845,
"SVK","TAXREV","TOT","PC_GDP","A","1995",39.481,
"SVK","TAXREV","TOT","PC_GDP","A","1996",38.577,
"SVK","TAXREV","TOT","PC_GDP","A","1997",36.48,
"SVK","TAXREV","TOT","PC_GDP","A","1998",36.097,
"SVK","TAXREV","TOT","PC_GDP","A","1999",34.845,
"SVK","TAXREV","TOT","PC_GDP","A","2000",33.633,
"SVK","TAXREV","TOT","PC_GDP","A","2001",32.705,
"SVK","TAXREV","TOT","PC_GDP","A","2002",32.828,
"SVK","TAXREV","TOT","PC_GDP","A","2003",32.552,
"SVK","TAXREV","TOT","PC_GDP","A","2004",31.531,
"SVK","TAXREV","TOT","PC_GDP","A","2005",31.291,
"SVK","TAXREV","TOT","PC_GDP","A","2006",29.333,
"SVK","TAXREV","TOT","PC_GDP","A","2007",29.22,
"SVK","TAXREV","TOT","PC_GDP","A","2008",29.066,
"SVK","TAXREV","TOT","PC_GDP","A","2009",28.891,
"SVK","TAXREV","TOT","PC_GDP","A","2010",28.137,
"SVK","TAXREV","TOT","PC_GDP","A","2011",29.107,
"SVK","TAXREV","TOT","PC_GDP","A","2012",28.775,
"SVK","TAXREV","TOT","PC_GDP","A","2013",31.042,
"SVK","TAXREV","TOT","PC_GDP","A","2014",31.902,
"SVK","TAXREV","TOT","PC_GDP","A","2015",32.66,
"SVK","TAXREV","TOT","PC_GDP","A","2016",33.271,
"SVK","TAXREV","TOT","PC_GDP","A","2017",34.224,
"SVK","TAXREV","TOT","PC_GDP","A","2018",34.322,
"SVK","TAXREV","TOT","PC_GDP","A","2019",34.736,
"ESP","TAXREV","TOT","PC_GDP","A","1965",14.255,
"ESP","TAXREV","TOT","PC_GDP","A","1966",13.218,
"ESP","TAXREV","TOT","PC_GDP","A","1967",16.413,
"ESP","TAXREV","TOT","PC_GDP","A","1968",15.595,
"ESP","TAXREV","TOT","PC_GDP","A","1969",15.955,
"ESP","TAXREV","TOT","PC_GDP","A","1970",15.459,
"ESP","TAXREV","TOT","PC_GDP","A","1971",15.718,
"ESP","TAXREV","TOT","PC_GDP","A","1972",16.593,
"ESP","TAXREV","TOT","PC_GDP","A","1973",17.149,
"ESP","TAXREV","TOT","PC_GDP","A","1974",16.585,
"ESP","TAXREV","TOT","PC_GDP","A","1975",17.904,
"ESP","TAXREV","TOT","PC_GDP","A","1976",17.894,
"ESP","TAXREV","TOT","PC_GDP","A","1977",19.656,
"ESP","TAXREV","TOT","PC_GDP","A","1978",20.866,
"ESP","TAXREV","TOT","PC_GDP","A","1979",21.369,
"ESP","TAXREV","TOT","PC_GDP","A","1980",21.936,
"ESP","TAXREV","TOT","PC_GDP","A","1981",23.139,
"ESP","TAXREV","TOT","PC_GDP","A","1982",23.421,
"ESP","TAXREV","TOT","PC_GDP","A","1983",25.288,
"ESP","TAXREV","TOT","PC_GDP","A","1984",25.627,
"ESP","TAXREV","TOT","PC_GDP","A","1985",26.764,
"ESP","TAXREV","TOT","PC_GDP","A","1986",28.122,
"ESP","TAXREV","TOT","PC_GDP","A","1987",29.881,
"ESP","TAXREV","TOT","PC_GDP","A","1988",30.019,
"ESP","TAXREV","TOT","PC_GDP","A","1989",31.738,
"ESP","TAXREV","TOT","PC_GDP","A","1990",31.537,
"ESP","TAXREV","TOT","PC_GDP","A","1991",31.808,
"ESP","TAXREV","TOT","PC_GDP","A","1992",32.811,
"ESP","TAXREV","TOT","PC_GDP","A","1993",31.865,
"ESP","TAXREV","TOT","PC_GDP","A","1994",31.898,
"ESP","TAXREV","TOT","PC_GDP","A","1995",31.307,
"ESP","TAXREV","TOT","PC_GDP","A","1996",31.11,
"ESP","TAXREV","TOT","PC_GDP","A","1997",31.949,
"ESP","TAXREV","TOT","PC_GDP","A","1998",32.762,
"ESP","TAXREV","TOT","PC_GDP","A","1999",33.136,
"ESP","TAXREV","TOT","PC_GDP","A","2000",33.05,
"ESP","TAXREV","TOT","PC_GDP","A","2001",32.796,
"ESP","TAXREV","TOT","PC_GDP","A","2002",33.244,
"ESP","TAXREV","TOT","PC_GDP","A","2003",33.095,
"ESP","TAXREV","TOT","PC_GDP","A","2004",34.042,
"ESP","TAXREV","TOT","PC_GDP","A","2005",35.243,
"ESP","TAXREV","TOT","PC_GDP","A","2006",35.999,
"ESP","TAXREV","TOT","PC_GDP","A","2007",36.414,
"ESP","TAXREV","TOT","PC_GDP","A","2008",32.103,
"ESP","TAXREV","TOT","PC_GDP","A","2009",29.679,
"ESP","TAXREV","TOT","PC_GDP","A","2010",31.282,
"ESP","TAXREV","TOT","PC_GDP","A","2011",31.19,
"ESP","TAXREV","TOT","PC_GDP","A","2012",32.368,
"ESP","TAXREV","TOT","PC_GDP","A","2013",33.115,
"ESP","TAXREV","TOT","PC_GDP","A","2014",33.887,
"ESP","TAXREV","TOT","PC_GDP","A","2015",33.842,
"ESP","TAXREV","TOT","PC_GDP","A","2016",33.597,
"ESP","TAXREV","TOT","PC_GDP","A","2017",33.87,
"ESP","TAXREV","TOT","PC_GDP","A","2018",34.602,
"ESP","TAXREV","TOT","PC_GDP","A","2019",34.649,
"SWE","TAXREV","TOT","PC_GDP","A","1965",30.931,
"SWE","TAXREV","TOT","PC_GDP","A","1966",31.608,
"SWE","TAXREV","TOT","PC_GDP","A","1967",32.464,
"SWE","TAXREV","TOT","PC_GDP","A","1968",34.331,
"SWE","TAXREV","TOT","PC_GDP","A","1969",35.221,
"SWE","TAXREV","TOT","PC_GDP","A","1970",35.16,
"SWE","TAXREV","TOT","PC_GDP","A","1971",35.886,
"SWE","TAXREV","TOT","PC_GDP","A","1972",37.116,
"SWE","TAXREV","TOT","PC_GDP","A","1973",36.383,
"SWE","TAXREV","TOT","PC_GDP","A","1974",37.433,
"SWE","TAXREV","TOT","PC_GDP","A","1975",38.347,
"SWE","TAXREV","TOT","PC_GDP","A","1976",42.116,
"SWE","TAXREV","TOT","PC_GDP","A","1977",44.102,
"SWE","TAXREV","TOT","PC_GDP","A","1978",44.455,
"SWE","TAXREV","TOT","PC_GDP","A","1979",43.301,
"SWE","TAXREV","TOT","PC_GDP","A","1980",43.131,
"SWE","TAXREV","TOT","PC_GDP","A","1981",44.379,
"SWE","TAXREV","TOT","PC_GDP","A","1982",43.42,
"SWE","TAXREV","TOT","PC_GDP","A","1983",44.076,
"SWE","TAXREV","TOT","PC_GDP","A","1984",43.694,
"SWE","TAXREV","TOT","PC_GDP","A","1985",44.146,
"SWE","TAXREV","TOT","PC_GDP","A","1986",46.362,
"SWE","TAXREV","TOT","PC_GDP","A","1987",48.837,
"SWE","TAXREV","TOT","PC_GDP","A","1988",48.142,
"SWE","TAXREV","TOT","PC_GDP","A","1989",48.65,
"SWE","TAXREV","TOT","PC_GDP","A","1990",48.978,
"SWE","TAXREV","TOT","PC_GDP","A","1991",47.086,
"SWE","TAXREV","TOT","PC_GDP","A","1992",44.681,
"SWE","TAXREV","TOT","PC_GDP","A","1993",44.041,
"SWE","TAXREV","TOT","PC_GDP","A","1994",44.305,
"SWE","TAXREV","TOT","PC_GDP","A","1995",45.307,
"SWE","TAXREV","TOT","PC_GDP","A","1996",46.955,
"SWE","TAXREV","TOT","PC_GDP","A","1997",47.843,
"SWE","TAXREV","TOT","PC_GDP","A","1998",47.878,
"SWE","TAXREV","TOT","PC_GDP","A","1999",48.385,
"SWE","TAXREV","TOT","PC_GDP","A","2000",48.773,
"SWE","TAXREV","TOT","PC_GDP","A","2001",46.716,
"SWE","TAXREV","TOT","PC_GDP","A","2002",45.03,
"SWE","TAXREV","TOT","PC_GDP","A","2003",45.411,
"SWE","TAXREV","TOT","PC_GDP","A","2004",45.666,
"SWE","TAXREV","TOT","PC_GDP","A","2005",46.694,
"SWE","TAXREV","TOT","PC_GDP","A","2006",46.08,
"SWE","TAXREV","TOT","PC_GDP","A","2007",45.095,
"SWE","TAXREV","TOT","PC_GDP","A","2008",44.142,
"SWE","TAXREV","TOT","PC_GDP","A","2009",43.867,
"SWE","TAXREV","TOT","PC_GDP","A","2010",43.058,
"SWE","TAXREV","TOT","PC_GDP","A","2011",42.134,
"SWE","TAXREV","TOT","PC_GDP","A","2012",42.324,
"SWE","TAXREV","TOT","PC_GDP","A","2013",42.695,
"SWE","TAXREV","TOT","PC_GDP","A","2014",42.383,
"SWE","TAXREV","TOT","PC_GDP","A","2015",42.85,
"SWE","TAXREV","TOT","PC_GDP","A","2016",44.309,
"SWE","TAXREV","TOT","PC_GDP","A","2017",44.307,
"SWE","TAXREV","TOT","PC_GDP","A","2018",43.921,
"SWE","TAXREV","TOT","PC_GDP","A","2019",42.909,
"CHE","TAXREV","TOT","PC_GDP","A","1965",16.512,
"CHE","TAXREV","TOT","PC_GDP","A","1966",17.129,
"CHE","TAXREV","TOT","PC_GDP","A","1967",17.132,
"CHE","TAXREV","TOT","PC_GDP","A","1968",17.915,
"CHE","TAXREV","TOT","PC_GDP","A","1969",18.859,
"CHE","TAXREV","TOT","PC_GDP","A","1970",18.163,
"CHE","TAXREV","TOT","PC_GDP","A","1971",17.893,
"CHE","TAXREV","TOT","PC_GDP","A","1972",18.239,
"CHE","TAXREV","TOT","PC_GDP","A","1973",20.105,
"CHE","TAXREV","TOT","PC_GDP","A","1974",20.874,
"CHE","TAXREV","TOT","PC_GDP","A","1975",22.487,
"CHE","TAXREV","TOT","PC_GDP","A","1976",23.764,
"CHE","TAXREV","TOT","PC_GDP","A","1977",23.947,
"CHE","TAXREV","TOT","PC_GDP","A","1978",23.884,
"CHE","TAXREV","TOT","PC_GDP","A","1979",23.475,
"CHE","TAXREV","TOT","PC_GDP","A","1980",23.26,
"CHE","TAXREV","TOT","PC_GDP","A","1981",23.333,
"CHE","TAXREV","TOT","PC_GDP","A","1982",23.641,
"CHE","TAXREV","TOT","PC_GDP","A","1983",24.18,
"CHE","TAXREV","TOT","PC_GDP","A","1984",24.351,
"CHE","TAXREV","TOT","PC_GDP","A","1985",23.815,
"CHE","TAXREV","TOT","PC_GDP","A","1986",24.782,
"CHE","TAXREV","TOT","PC_GDP","A","1987",24.51,
"CHE","TAXREV","TOT","PC_GDP","A","1988",24.785,
"CHE","TAXREV","TOT","PC_GDP","A","1989",24.069,
"CHE","TAXREV","TOT","PC_GDP","A","1990",23.745,
"CHE","TAXREV","TOT","PC_GDP","A","1991",23.556,
"CHE","TAXREV","TOT","PC_GDP","A","1992",23.995,
"CHE","TAXREV","TOT","PC_GDP","A","1993",24.514,
"CHE","TAXREV","TOT","PC_GDP","A","1994",24.93,
"CHE","TAXREV","TOT","PC_GDP","A","1995",25.519,
"CHE","TAXREV","TOT","PC_GDP","A","1996",26.003,
"CHE","TAXREV","TOT","PC_GDP","A","1997",25.63,
"CHE","TAXREV","TOT","PC_GDP","A","1998",26.362,
"CHE","TAXREV","TOT","PC_GDP","A","1999",26.568,
"CHE","TAXREV","TOT","PC_GDP","A","2000",27.607,
"CHE","TAXREV","TOT","PC_GDP","A","2001",27.034,
"CHE","TAXREV","TOT","PC_GDP","A","2002",27.625,
"CHE","TAXREV","TOT","PC_GDP","A","2003",26.931,
"CHE","TAXREV","TOT","PC_GDP","A","2004",26.608,
"CHE","TAXREV","TOT","PC_GDP","A","2005",26.646,
"CHE","TAXREV","TOT","PC_GDP","A","2006",26.446,
"CHE","TAXREV","TOT","PC_GDP","A","2007",26.204,
"CHE","TAXREV","TOT","PC_GDP","A","2008",26.583,
"CHE","TAXREV","TOT","PC_GDP","A","2009",26.978,
"CHE","TAXREV","TOT","PC_GDP","A","2010",26.595,
"CHE","TAXREV","TOT","PC_GDP","A","2011",26.893,
"CHE","TAXREV","TOT","PC_GDP","A","2012",26.91,
"CHE","TAXREV","TOT","PC_GDP","A","2013",26.998,
"CHE","TAXREV","TOT","PC_GDP","A","2014",26.882,
"CHE","TAXREV","TOT","PC_GDP","A","2015",27.574,
"CHE","TAXREV","TOT","PC_GDP","A","2016",27.661,
"CHE","TAXREV","TOT","PC_GDP","A","2017",28.415,
"CHE","TAXREV","TOT","PC_GDP","A","2018",28.046,
"CHE","TAXREV","TOT","PC_GDP","A","2019",28.529,
"TUR","TAXREV","TOT","PC_GDP","A","1965",10.55,
"TUR","TAXREV","TOT","PC_GDP","A","1966",10.663,
"TUR","TAXREV","TOT","PC_GDP","A","1967",11.396,
"TUR","TAXREV","TOT","PC_GDP","A","1968",11.258,
"TUR","TAXREV","TOT","PC_GDP","A","1969",12.177,
"TUR","TAXREV","TOT","PC_GDP","A","1970",9.047,
"TUR","TAXREV","TOT","PC_GDP","A","1971",10.402,
"TUR","TAXREV","TOT","PC_GDP","A","1972",10.58,
"TUR","TAXREV","TOT","PC_GDP","A","1973",10.996,
"TUR","TAXREV","TOT","PC_GDP","A","1974",10.268,
"TUR","TAXREV","TOT","PC_GDP","A","1975",11.601,
"TUR","TAXREV","TOT","PC_GDP","A","1976",11.844,
"TUR","TAXREV","TOT","PC_GDP","A","1977",12.377,
"TUR","TAXREV","TOT","PC_GDP","A","1978",12.079,
"TUR","TAXREV","TOT","PC_GDP","A","1979",11.427,
"TUR","TAXREV","TOT","PC_GDP","A","1980",13.024,
"TUR","TAXREV","TOT","PC_GDP","A","1981",13.8,
"TUR","TAXREV","TOT","PC_GDP","A","1982",13.365,
"TUR","TAXREV","TOT","PC_GDP","A","1983",12.474,
"TUR","TAXREV","TOT","PC_GDP","A","1984",10.407,
"TUR","TAXREV","TOT","PC_GDP","A","1985",11.209,
"TUR","TAXREV","TOT","PC_GDP","A","1986",12.727,
"TUR","TAXREV","TOT","PC_GDP","A","1987",13.658,
"TUR","TAXREV","TOT","PC_GDP","A","1988",12.922,
"TUR","TAXREV","TOT","PC_GDP","A","1989",13.557,
"TUR","TAXREV","TOT","PC_GDP","A","1990",14.537,
"TUR","TAXREV","TOT","PC_GDP","A","1991",15.235,
"TUR","TAXREV","TOT","PC_GDP","A","1992",16.282,
"TUR","TAXREV","TOT","PC_GDP","A","1993",16.457,
"TUR","TAXREV","TOT","PC_GDP","A","1994",16.145,
"TUR","TAXREV","TOT","PC_GDP","A","1995",16.378,
"TUR","TAXREV","TOT","PC_GDP","A","1996",18.451,
"TUR","TAXREV","TOT","PC_GDP","A","1997",20.229,
"TUR","TAXREV","TOT","PC_GDP","A","1998",20.6,
"TUR","TAXREV","TOT","PC_GDP","A","1999",22.546,
"TUR","TAXREV","TOT","PC_GDP","A","2000",23.478,
"TUR","TAXREV","TOT","PC_GDP","A","2001",25.361,
"TUR","TAXREV","TOT","PC_GDP","A","2002",23.826,
"TUR","TAXREV","TOT","PC_GDP","A","2003",24.979,
"TUR","TAXREV","TOT","PC_GDP","A","2004",23.088,
"TUR","TAXREV","TOT","PC_GDP","A","2005",23.14,
"TUR","TAXREV","TOT","PC_GDP","A","2006",23.371,
"TUR","TAXREV","TOT","PC_GDP","A","2007",22.874,
"TUR","TAXREV","TOT","PC_GDP","A","2008",22.961,
"TUR","TAXREV","TOT","PC_GDP","A","2009",23.318,
"TUR","TAXREV","TOT","PC_GDP","A","2010",24.654,
"TUR","TAXREV","TOT","PC_GDP","A","2011",25.706,
"TUR","TAXREV","TOT","PC_GDP","A","2012",24.76,
"TUR","TAXREV","TOT","PC_GDP","A","2013",25.156,
"TUR","TAXREV","TOT","PC_GDP","A","2014",24.457,
"TUR","TAXREV","TOT","PC_GDP","A","2015",24.957,
"TUR","TAXREV","TOT","PC_GDP","A","2016",25.128,
"TUR","TAXREV","TOT","PC_GDP","A","2017",24.68,
"TUR","TAXREV","TOT","PC_GDP","A","2018",23.986,
"TUR","TAXREV","TOT","PC_GDP","A","2019",23.079,
"GBR","TAXREV","TOT","PC_GDP","A","1965",30.097,
"GBR","TAXREV","TOT","PC_GDP","A","1966",30.808,
"GBR","TAXREV","TOT","PC_GDP","A","1967",32.52,
"GBR","TAXREV","TOT","PC_GDP","A","1968",33.354,
"GBR","TAXREV","TOT","PC_GDP","A","1969",34.896,
"GBR","TAXREV","TOT","PC_GDP","A","1970",35.041,
"GBR","TAXREV","TOT","PC_GDP","A","1971",33.137,
"GBR","TAXREV","TOT","PC_GDP","A","1972",31.554,
"GBR","TAXREV","TOT","PC_GDP","A","1973",29.677,
"GBR","TAXREV","TOT","PC_GDP","A","1974",32.773,
"GBR","TAXREV","TOT","PC_GDP","A","1975",34.174,
"GBR","TAXREV","TOT","PC_GDP","A","1976",33.954,
"GBR","TAXREV","TOT","PC_GDP","A","1977",33.411,
"GBR","TAXREV","TOT","PC_GDP","A","1978",31.616,
"GBR","TAXREV","TOT","PC_GDP","A","1979",30.693,
"GBR","TAXREV","TOT","PC_GDP","A","1980",33.383,
"GBR","TAXREV","TOT","PC_GDP","A","1981",34.517,
"GBR","TAXREV","TOT","PC_GDP","A","1982",36.712,
"GBR","TAXREV","TOT","PC_GDP","A","1983",35.091,
"GBR","TAXREV","TOT","PC_GDP","A","1984",35.19,
"GBR","TAXREV","TOT","PC_GDP","A","1985",35.069,
"GBR","TAXREV","TOT","PC_GDP","A","1986",35.517,
"GBR","TAXREV","TOT","PC_GDP","A","1987",33.972,
"GBR","TAXREV","TOT","PC_GDP","A","1988",33.828,
"GBR","TAXREV","TOT","PC_GDP","A","1989",33.007,
"GBR","TAXREV","TOT","PC_GDP","A","1990",32.869,
"GBR","TAXREV","TOT","PC_GDP","A","1991",31.684,
"GBR","TAXREV","TOT","PC_GDP","A","1992",30.893,
"GBR","TAXREV","TOT","PC_GDP","A","1993",29.875,
"GBR","TAXREV","TOT","PC_GDP","A","1994",30.601,
"GBR","TAXREV","TOT","PC_GDP","A","1995",29.359,
"GBR","TAXREV","TOT","PC_GDP","A","1996",29.185,
"GBR","TAXREV","TOT","PC_GDP","A","1997",29.858,
"GBR","TAXREV","TOT","PC_GDP","A","1998",31.324,
"GBR","TAXREV","TOT","PC_GDP","A","1999",31.972,
"GBR","TAXREV","TOT","PC_GDP","A","2000",32.8,
"GBR","TAXREV","TOT","PC_GDP","A","2001",32.364,
"GBR","TAXREV","TOT","PC_GDP","A","2002",31.425,
"GBR","TAXREV","TOT","PC_GDP","A","2003",31.064,
"GBR","TAXREV","TOT","PC_GDP","A","2004",32.156,
"GBR","TAXREV","TOT","PC_GDP","A","2005",32.549,
"GBR","TAXREV","TOT","PC_GDP","A","2006",32.749,
"GBR","TAXREV","TOT","PC_GDP","A","2007",32.824,
"GBR","TAXREV","TOT","PC_GDP","A","2008",32.143,
"GBR","TAXREV","TOT","PC_GDP","A","2009",31.06,
"GBR","TAXREV","TOT","PC_GDP","A","2010",32.132,
"GBR","TAXREV","TOT","PC_GDP","A","2011",32.718,
"GBR","TAXREV","TOT","PC_GDP","A","2012",32.117,
"GBR","TAXREV","TOT","PC_GDP","A","2013",32.055,
"GBR","TAXREV","TOT","PC_GDP","A","2014",32.107,
"GBR","TAXREV","TOT","PC_GDP","A","2015",32.436,
"GBR","TAXREV","TOT","PC_GDP","A","2016",32.636,
"GBR","TAXREV","TOT","PC_GDP","A","2017",32.825,
"GBR","TAXREV","TOT","PC_GDP","A","2018",32.887,
"GBR","TAXREV","TOT","PC_GDP","A","2019",32.983,
"USA","TAXREV","TOT","PC_GDP","A","1965",23.556,
"USA","TAXREV","TOT","PC_GDP","A","1966",23.824,
"USA","TAXREV","TOT","PC_GDP","A","1967",24.903,
"USA","TAXREV","TOT","PC_GDP","A","1968",24.346,
"USA","TAXREV","TOT","PC_GDP","A","1969",26.669,
"USA","TAXREV","TOT","PC_GDP","A","1970",25.783,
"USA","TAXREV","TOT","PC_GDP","A","1971",23.929,
"USA","TAXREV","TOT","PC_GDP","A","1972",24.477,
"USA","TAXREV","TOT","PC_GDP","A","1973",24.47,
"USA","TAXREV","TOT","PC_GDP","A","1974",25.209,
"USA","TAXREV","TOT","PC_GDP","A","1975",24.653,
"USA","TAXREV","TOT","PC_GDP","A","1976",24.021,
"USA","TAXREV","TOT","PC_GDP","A","1977",25.265,
"USA","TAXREV","TOT","PC_GDP","A","1978",25.015,
"USA","TAXREV","TOT","PC_GDP","A","1979",25.216,
"USA","TAXREV","TOT","PC_GDP","A","1980",25.572,
"USA","TAXREV","TOT","PC_GDP","A","1981",25.972,
"USA","TAXREV","TOT","PC_GDP","A","1982",26.054,
"USA","TAXREV","TOT","PC_GDP","A","1983",24.013,
"USA","TAXREV","TOT","PC_GDP","A","1984",24.11,
"USA","TAXREV","TOT","PC_GDP","A","1985",24.658,
"USA","TAXREV","TOT","PC_GDP","A","1986",24.63,
"USA","TAXREV","TOT","PC_GDP","A","1987",25.69,
"USA","TAXREV","TOT","PC_GDP","A","1988",25.478,
"USA","TAXREV","TOT","PC_GDP","A","1989",25.663,
"USA","TAXREV","TOT","PC_GDP","A","1990",26.033,
"USA","TAXREV","TOT","PC_GDP","A","1991",25.855,
"USA","TAXREV","TOT","PC_GDP","A","1992",25.746,
"USA","TAXREV","TOT","PC_GDP","A","1993",25.95,
"USA","TAXREV","TOT","PC_GDP","A","1994",26.286,
"USA","TAXREV","TOT","PC_GDP","A","1995",26.55,
"USA","TAXREV","TOT","PC_GDP","A","1996",27.044,
"USA","TAXREV","TOT","PC_GDP","A","1997",27.484,
"USA","TAXREV","TOT","PC_GDP","A","1998",27.867,
"USA","TAXREV","TOT","PC_GDP","A","1999",27.934,
"USA","TAXREV","TOT","PC_GDP","A","2000",28.291,
"USA","TAXREV","TOT","PC_GDP","A","2001",27.261,
"USA","TAXREV","TOT","PC_GDP","A","2002",24.994,
"USA","TAXREV","TOT","PC_GDP","A","2003",24.48,
"USA","TAXREV","TOT","PC_GDP","A","2004",24.769,
"USA","TAXREV","TOT","PC_GDP","A","2005",26.102,
"USA","TAXREV","TOT","PC_GDP","A","2006",26.777,
"USA","TAXREV","TOT","PC_GDP","A","2007",26.769,
"USA","TAXREV","TOT","PC_GDP","A","2008",25.742,
"USA","TAXREV","TOT","PC_GDP","A","2009",22.957,
"USA","TAXREV","TOT","PC_GDP","A","2010",23.46,
"USA","TAXREV","TOT","PC_GDP","A","2011",23.849,
"USA","TAXREV","TOT","PC_GDP","A","2012",24,
"USA","TAXREV","TOT","PC_GDP","A","2013",25.569,
"USA","TAXREV","TOT","PC_GDP","A","2014",25.917,
"USA","TAXREV","TOT","PC_GDP","A","2015",26.177,
"USA","TAXREV","TOT","PC_GDP","A","2016",25.809,
"USA","TAXREV","TOT","PC_GDP","A","2017",26.74,
"USA","TAXREV","TOT","PC_GDP","A","2018",24.412,
"USA","TAXREV","TOT","PC_GDP","A","2019",24.466,
"CHL","TAXREV","TOT","PC_GDP","A","1990",16.889,
"CHL","TAXREV","TOT","PC_GDP","A","1991",17.787,
"CHL","TAXREV","TOT","PC_GDP","A","1992",18.459,
"CHL","TAXREV","TOT","PC_GDP","A","1993",18.654,
"CHL","TAXREV","TOT","PC_GDP","A","1994",18.405,
"CHL","TAXREV","TOT","PC_GDP","A","1995",18.3,
"CHL","TAXREV","TOT","PC_GDP","A","1996",19.541,
"CHL","TAXREV","TOT","PC_GDP","A","1997",19.049,
"CHL","TAXREV","TOT","PC_GDP","A","1998",18.835,
"CHL","TAXREV","TOT","PC_GDP","A","1999",18.079,
"CHL","TAXREV","TOT","PC_GDP","A","2000",18.812,
"CHL","TAXREV","TOT","PC_GDP","A","2001",19.046,
"CHL","TAXREV","TOT","PC_GDP","A","2002",19.091,
"CHL","TAXREV","TOT","PC_GDP","A","2003",18.84,
"CHL","TAXREV","TOT","PC_GDP","A","2004",19.086,
"CHL","TAXREV","TOT","PC_GDP","A","2005",20.725,
"CHL","TAXREV","TOT","PC_GDP","A","2006",21.979,
"CHL","TAXREV","TOT","PC_GDP","A","2007",22.71,
"CHL","TAXREV","TOT","PC_GDP","A","2008",21.406,
"CHL","TAXREV","TOT","PC_GDP","A","2009",17.334,
"CHL","TAXREV","TOT","PC_GDP","A","2010",19.591,
"CHL","TAXREV","TOT","PC_GDP","A","2011",21.116,
"CHL","TAXREV","TOT","PC_GDP","A","2012",21.328,
"CHL","TAXREV","TOT","PC_GDP","A","2013",19.86,
"CHL","TAXREV","TOT","PC_GDP","A","2014",19.613,
"CHL","TAXREV","TOT","PC_GDP","A","2015",20.39,
"CHL","TAXREV","TOT","PC_GDP","A","2016",20.131,
"CHL","TAXREV","TOT","PC_GDP","A","2017",20.16,
"CHL","TAXREV","TOT","PC_GDP","A","2018",21.078,
"CHL","TAXREV","TOT","PC_GDP","A","2019",20.657,
"EST","TAXREV","TOT","PC_GDP","A","1995",35.039,
"EST","TAXREV","TOT","PC_GDP","A","1996",33.865,
"EST","TAXREV","TOT","PC_GDP","A","1997",33.597,
"EST","TAXREV","TOT","PC_GDP","A","1998",33.67,
"EST","TAXREV","TOT","PC_GDP","A","1999",32.341,
"EST","TAXREV","TOT","PC_GDP","A","2000",31.046,
"EST","TAXREV","TOT","PC_GDP","A","2001",30.299,
"EST","TAXREV","TOT","PC_GDP","A","2002",30.963,
"EST","TAXREV","TOT","PC_GDP","A","2003",30.76,
"EST","TAXREV","TOT","PC_GDP","A","2004",30.989,
"EST","TAXREV","TOT","PC_GDP","A","2005",29.773,
"EST","TAXREV","TOT","PC_GDP","A","2006",30.456,
"EST","TAXREV","TOT","PC_GDP","A","2007",30.989,
"EST","TAXREV","TOT","PC_GDP","A","2008",31.201,
"EST","TAXREV","TOT","PC_GDP","A","2009",34.756,
"EST","TAXREV","TOT","PC_GDP","A","2010",32.929,
"EST","TAXREV","TOT","PC_GDP","A","2011",31.214,
"EST","TAXREV","TOT","PC_GDP","A","2012",31.464,
"EST","TAXREV","TOT","PC_GDP","A","2013",31.462,
"EST","TAXREV","TOT","PC_GDP","A","2014",31.925,
"EST","TAXREV","TOT","PC_GDP","A","2015",33.079,
"EST","TAXREV","TOT","PC_GDP","A","2016",33.237,
"EST","TAXREV","TOT","PC_GDP","A","2017",32.515,
"EST","TAXREV","TOT","PC_GDP","A","2018",32.894,
"EST","TAXREV","TOT","PC_GDP","A","2019",33.073,
"ISR","TAXREV","TOT","PC_GDP","A","1995",35.283,
"ISR","TAXREV","TOT","PC_GDP","A","1996",34.706,
"ISR","TAXREV","TOT","PC_GDP","A","1997",35.329,
"ISR","TAXREV","TOT","PC_GDP","A","1998",34.285,
"ISR","TAXREV","TOT","PC_GDP","A","1999",34.14,
"ISR","TAXREV","TOT","PC_GDP","A","2000",34.796,
"ISR","TAXREV","TOT","PC_GDP","A","2001",34.65,
"ISR","TAXREV","TOT","PC_GDP","A","2002",33.869,
"ISR","TAXREV","TOT","PC_GDP","A","2003",33.166,
"ISR","TAXREV","TOT","PC_GDP","A","2004",33.261,
"ISR","TAXREV","TOT","PC_GDP","A","2005",33.665,
"ISR","TAXREV","TOT","PC_GDP","A","2006",34.223,
"ISR","TAXREV","TOT","PC_GDP","A","2007",34.161,
"ISR","TAXREV","TOT","PC_GDP","A","2008",31.906,
"ISR","TAXREV","TOT","PC_GDP","A","2009",29.823,
"ISR","TAXREV","TOT","PC_GDP","A","2010",30.695,
"ISR","TAXREV","TOT","PC_GDP","A","2011",30.988,
"ISR","TAXREV","TOT","PC_GDP","A","2012",30.053,
"ISR","TAXREV","TOT","PC_GDP","A","2013",30.794,
"ISR","TAXREV","TOT","PC_GDP","A","2014",30.988,
"ISR","TAXREV","TOT","PC_GDP","A","2015",31.236,
"ISR","TAXREV","TOT","PC_GDP","A","2016",31.183,
"ISR","TAXREV","TOT","PC_GDP","A","2017",32.544,
"ISR","TAXREV","TOT","PC_GDP","A","2018",30.946,
"ISR","TAXREV","TOT","PC_GDP","A","2019",30.474,
"SVN","TAXREV","TOT","PC_GDP","A","1995",39.212,
"SVN","TAXREV","TOT","PC_GDP","A","1996",38.225,
"SVN","TAXREV","TOT","PC_GDP","A","1997",37.109,
"SVN","TAXREV","TOT","PC_GDP","A","1998",37.904,
"SVN","TAXREV","TOT","PC_GDP","A","1999",38.288,
"SVN","TAXREV","TOT","PC_GDP","A","2000",37.748,
"SVN","TAXREV","TOT","PC_GDP","A","2001",37.802,
"SVN","TAXREV","TOT","PC_GDP","A","2002",38.283,
"SVN","TAXREV","TOT","PC_GDP","A","2003",38.429,
"SVN","TAXREV","TOT","PC_GDP","A","2004",38.491,
"SVN","TAXREV","TOT","PC_GDP","A","2005",39.174,
"SVN","TAXREV","TOT","PC_GDP","A","2006",38.715,
"SVN","TAXREV","TOT","PC_GDP","A","2007",38.069,
"SVN","TAXREV","TOT","PC_GDP","A","2008",37.34,
"SVN","TAXREV","TOT","PC_GDP","A","2009",37.139,
"SVN","TAXREV","TOT","PC_GDP","A","2010",37.828,
"SVN","TAXREV","TOT","PC_GDP","A","2011",37.37,
"SVN","TAXREV","TOT","PC_GDP","A","2012",37.679,
"SVN","TAXREV","TOT","PC_GDP","A","2013",37.242,
"SVN","TAXREV","TOT","PC_GDP","A","2014",37.179,
"SVN","TAXREV","TOT","PC_GDP","A","2015",37.311,
"SVN","TAXREV","TOT","PC_GDP","A","2016",37.443,
"SVN","TAXREV","TOT","PC_GDP","A","2017",37.134,
"SVN","TAXREV","TOT","PC_GDP","A","2018",37.412,
"SVN","TAXREV","TOT","PC_GDP","A","2019",37.651,
"OAVG","TAXREV","TOT","PC_GDP","A","1965",24.846,
"OAVG","TAXREV","TOT","PC_GDP","A","1966",25.341,
"OAVG","TAXREV","TOT","PC_GDP","A","1967",26.221,
"OAVG","TAXREV","TOT","PC_GDP","A","1968",26.482,
"OAVG","TAXREV","TOT","PC_GDP","A","1969",27.033,
"OAVG","TAXREV","TOT","PC_GDP","A","1970",26.719,
"OAVG","TAXREV","TOT","PC_GDP","A","1971",27.229,
"OAVG","TAXREV","TOT","PC_GDP","A","1972",26.842,
"OAVG","TAXREV","TOT","PC_GDP","A","1973",27.027,
"OAVG","TAXREV","TOT","PC_GDP","A","1974",27.858,
"OAVG","TAXREV","TOT","PC_GDP","A","1975",28.605,
"OAVG","TAXREV","TOT","PC_GDP","A","1976",29.48,
"OAVG","TAXREV","TOT","PC_GDP","A","1977",30.137,
"OAVG","TAXREV","TOT","PC_GDP","A","1978",30.039,
"OAVG","TAXREV","TOT","PC_GDP","A","1979",29.964,
"OAVG","TAXREV","TOT","PC_GDP","A","1980",30.066,
"OAVG","TAXREV","TOT","PC_GDP","A","1981",30.712,
"OAVG","TAXREV","TOT","PC_GDP","A","1982",31.06,
"OAVG","TAXREV","TOT","PC_GDP","A","1983",31.196,
"OAVG","TAXREV","TOT","PC_GDP","A","1984",31.275,
"OAVG","TAXREV","TOT","PC_GDP","A","1985",31.509,
"OAVG","TAXREV","TOT","PC_GDP","A","1986",32.144,
"OAVG","TAXREV","TOT","PC_GDP","A","1987",32.575,
"OAVG","TAXREV","TOT","PC_GDP","A","1988",32.565,
"OAVG","TAXREV","TOT","PC_GDP","A","1989",32.369,
"OAVG","TAXREV","TOT","PC_GDP","A","1990",31.147,
"OAVG","TAXREV","TOT","PC_GDP","A","1991",31.747,
"OAVG","TAXREV","TOT","PC_GDP","A","1992",32.028,
"OAVG","TAXREV","TOT","PC_GDP","A","1993",32.406,
"OAVG","TAXREV","TOT","PC_GDP","A","1994",32.412,
"OAVG","TAXREV","TOT","PC_GDP","A","1995",32.538,
"OAVG","TAXREV","TOT","PC_GDP","A","1996",32.718,
"OAVG","TAXREV","TOT","PC_GDP","A","1997",32.974,
"OAVG","TAXREV","TOT","PC_GDP","A","1998",33.116,
"OAVG","TAXREV","TOT","PC_GDP","A","1999",33.32,
"OAVG","TAXREV","TOT","PC_GDP","A","2000",33.273,
"OAVG","TAXREV","TOT","PC_GDP","A","2001",32.801,
"OAVG","TAXREV","TOT","PC_GDP","A","2002",32.607,
"OAVG","TAXREV","TOT","PC_GDP","A","2003",32.517,
"OAVG","TAXREV","TOT","PC_GDP","A","2004",32.505,
"OAVG","TAXREV","TOT","PC_GDP","A","2005",32.984,
"OAVG","TAXREV","TOT","PC_GDP","A","2006",33.136,
"OAVG","TAXREV","TOT","PC_GDP","A","2007",33.188,
"OAVG","TAXREV","TOT","PC_GDP","A","2008",32.572,
"OAVG","TAXREV","TOT","PC_GDP","A","2009",31.844,
"OAVG","TAXREV","TOT","PC_GDP","A","2010",31.908,
"OAVG","TAXREV","TOT","PC_GDP","A","2011",32.238,
"OAVG","TAXREV","TOT","PC_GDP","A","2012",32.729,
"OAVG","TAXREV","TOT","PC_GDP","A","2013",32.992,
"OAVG","TAXREV","TOT","PC_GDP","A","2014",33.226,
"OAVG","TAXREV","TOT","PC_GDP","A","2015",33.313,
"OAVG","TAXREV","TOT","PC_GDP","A","2016",33.953,
"OAVG","TAXREV","TOT","PC_GDP","A","2017",33.741,
"OAVG","TAXREV","TOT","PC_GDP","A","2018",33.879,
"OAVG","TAXREV","TOT","PC_GDP","A","2019",33.84,
"LVA","TAXREV","TOT","PC_GDP","A","1995",29.811,
"LVA","TAXREV","TOT","PC_GDP","A","1996",29.281,
"LVA","TAXREV","TOT","PC_GDP","A","1997",30.341,
"LVA","TAXREV","TOT","PC_GDP","A","1998",31.349,
"LVA","TAXREV","TOT","PC_GDP","A","1999",30.315,
"LVA","TAXREV","TOT","PC_GDP","A","2000",29.14,
"LVA","TAXREV","TOT","PC_GDP","A","2001",28.215,
"LVA","TAXREV","TOT","PC_GDP","A","2002",27.894,
"LVA","TAXREV","TOT","PC_GDP","A","2003",27.505,
"LVA","TAXREV","TOT","PC_GDP","A","2004",27.702,
"LVA","TAXREV","TOT","PC_GDP","A","2005",27.96,
"LVA","TAXREV","TOT","PC_GDP","A","2006",28.755,
"LVA","TAXREV","TOT","PC_GDP","A","2007",28.337,
"LVA","TAXREV","TOT","PC_GDP","A","2008",27.968,
"LVA","TAXREV","TOT","PC_GDP","A","2009",28.238,
"LVA","TAXREV","TOT","PC_GDP","A","2010",28.732,
"LVA","TAXREV","TOT","PC_GDP","A","2011",28.338,
"LVA","TAXREV","TOT","PC_GDP","A","2012",29.11,
"LVA","TAXREV","TOT","PC_GDP","A","2013",29.36,
"LVA","TAXREV","TOT","PC_GDP","A","2014",29.717,
"LVA","TAXREV","TOT","PC_GDP","A","2015",30.025,
"LVA","TAXREV","TOT","PC_GDP","A","2016",31.159,
"LVA","TAXREV","TOT","PC_GDP","A","2017",31.392,
"LVA","TAXREV","TOT","PC_GDP","A","2018",31.237,
"LVA","TAXREV","TOT","PC_GDP","A","2019",31.201,
"LTU","TAXREV","TOT","PC_GDP","A","1995",27.64,
"LTU","TAXREV","TOT","PC_GDP","A","1996",27.255,
"LTU","TAXREV","TOT","PC_GDP","A","1997",31.243,
"LTU","TAXREV","TOT","PC_GDP","A","1998",32.758,
"LTU","TAXREV","TOT","PC_GDP","A","1999",32.658,
"LTU","TAXREV","TOT","PC_GDP","A","2000",30.783,
"LTU","TAXREV","TOT","PC_GDP","A","2001",29.321,
"LTU","TAXREV","TOT","PC_GDP","A","2002",28.99,
"LTU","TAXREV","TOT","PC_GDP","A","2003",28.631,
"LTU","TAXREV","TOT","PC_GDP","A","2004",28.997,
"LTU","TAXREV","TOT","PC_GDP","A","2005",29.203,
"LTU","TAXREV","TOT","PC_GDP","A","2006",30.133,
"LTU","TAXREV","TOT","PC_GDP","A","2007",30.03,
"LTU","TAXREV","TOT","PC_GDP","A","2008",30.577,
"LTU","TAXREV","TOT","PC_GDP","A","2009",30.172,
"LTU","TAXREV","TOT","PC_GDP","A","2010",28.365,
"LTU","TAXREV","TOT","PC_GDP","A","2011",27.239,
"LTU","TAXREV","TOT","PC_GDP","A","2012",26.982,
"LTU","TAXREV","TOT","PC_GDP","A","2013",26.752,
"LTU","TAXREV","TOT","PC_GDP","A","2014",27.504,
"LTU","TAXREV","TOT","PC_GDP","A","2015",28.695,
"LTU","TAXREV","TOT","PC_GDP","A","2016",29.653,
"LTU","TAXREV","TOT","PC_GDP","A","2017",29.469,
"LTU","TAXREV","TOT","PC_GDP","A","2018",30.167,
"LTU","TAXREV","TOT","PC_GDP","A","2019",30.337,
"COL","TAXREV","TOT","PC_GDP","A","1990",11.347,
"COL","TAXREV","TOT","PC_GDP","A","1991",13.318,
"COL","TAXREV","TOT","PC_GDP","A","1992",13.909,
"COL","TAXREV","TOT","PC_GDP","A","1993",14.372,
"COL","TAXREV","TOT","PC_GDP","A","1994",15.745,
"COL","TAXREV","TOT","PC_GDP","A","1995",16.032,
"COL","TAXREV","TOT","PC_GDP","A","1996",16.708,
"COL","TAXREV","TOT","PC_GDP","A","1997",17.382,
"COL","TAXREV","TOT","PC_GDP","A","1998",16.352,
"COL","TAXREV","TOT","PC_GDP","A","1999",16.204,
"COL","TAXREV","TOT","PC_GDP","A","2000",15.683,
"COL","TAXREV","TOT","PC_GDP","A","2001",17.328,
"COL","TAXREV","TOT","PC_GDP","A","2002",17.153,
"COL","TAXREV","TOT","PC_GDP","A","2003",17.292,
"COL","TAXREV","TOT","PC_GDP","A","2004",17.969,
"COL","TAXREV","TOT","PC_GDP","A","2005",18.259,
"COL","TAXREV","TOT","PC_GDP","A","2006",19.267,
"COL","TAXREV","TOT","PC_GDP","A","2007",19.299,
"COL","TAXREV","TOT","PC_GDP","A","2008",19.032,
"COL","TAXREV","TOT","PC_GDP","A","2009",18.817,
"COL","TAXREV","TOT","PC_GDP","A","2010",18.096,
"COL","TAXREV","TOT","PC_GDP","A","2011",18.932,
"COL","TAXREV","TOT","PC_GDP","A","2012",19.721,
"COL","TAXREV","TOT","PC_GDP","A","2013",20.022,
"COL","TAXREV","TOT","PC_GDP","A","2014",19.55,
"COL","TAXREV","TOT","PC_GDP","A","2015",19.903,
"COL","TAXREV","TOT","PC_GDP","A","2016",19.079,
"COL","TAXREV","TOT","PC_GDP","A","2017",18.983,
"COL","TAXREV","TOT","PC_GDP","A","2018",19.302,
"COL","TAXREV","TOT","PC_GDP","A","2019",19.677,
